-- MySQL dump 10.13  Distrib 8.0.42, for Linux (x86_64)
--
-- Host: tms.mysql.database.azure.com    Database: tms
-- ------------------------------------------------------
-- Server version	8.0.40-azure

/*!40101 SET @OLD_CHARACTER_SET_CLIENT=@@CHARACTER_SET_CLIENT */;
/*!40101 SET @OLD_CHARACTER_SET_RESULTS=@@CHARACTER_SET_RESULTS */;
/*!40101 SET @OLD_COLLATION_CONNECTION=@@COLLATION_CONNECTION */;
/*!50503 SET NAMES utf8mb4 */;
/*!40103 SET @OLD_TIME_ZONE=@@TIME_ZONE */;
/*!40103 SET TIME_ZONE='+00:00' */;
/*!40014 SET @OLD_UNIQUE_CHECKS=@@UNIQUE_CHECKS, UNIQUE_CHECKS=0 */;
/*!40014 SET @OLD_FOREIGN_KEY_CHECKS=@@FOREIGN_KEY_CHECKS, FOREIGN_KEY_CHECKS=0 */;
/*!40101 SET @OLD_SQL_MODE=@@SQL_MODE, SQL_MODE='NO_AUTO_VALUE_ON_ZERO' */;
/*!40111 SET @OLD_SQL_NOTES=@@SQL_NOTES, SQL_NOTES=0 */;

--
-- Table structure for table `hu_pedidos`
--

DROP TABLE IF EXISTS `hu_pedidos`;
/*!40101 SET @saved_cs_client     = @@character_set_client */;
/*!50503 SET character_set_client = utf8mb4 */;
CREATE TABLE `hu_pedidos` (
  `id` int NOT NULL AUTO_INCREMENT,
  `hu` varchar(20) NOT NULL,
  `pedido` varchar(11) NOT NULL,
  `data_atrelamento` datetime NOT NULL,
  PRIMARY KEY (`id`),
  KEY `hu` (`hu`),
  KEY `pedido` (`pedido`),
  CONSTRAINT `hu_pedidos_ibfk_1` FOREIGN KEY (`hu`) REFERENCES `hus` (`hu`),
  CONSTRAINT `hu_pedidos_ibfk_2` FOREIGN KEY (`pedido`) REFERENCES `pedidos` (`pedido`)
) ENGINE=InnoDB AUTO_INCREMENT=469 DEFAULT CHARSET=utf8mb4 COLLATE=utf8mb4_0900_ai_ci;
/*!40101 SET character_set_client = @saved_cs_client */;

--
-- Dumping data for table `hu_pedidos`
--

LOCK TABLES `hu_pedidos` WRITE;
/*!40000 ALTER TABLE `hu_pedidos` DISABLE KEYS */;
INSERT INTO `hu_pedidos` VALUES (1,'05393300684171839405','12692867976','2025-05-07 10:17:08'),(2,'89394319487247907543','13659152743','2025-05-07 09:38:39'),(3,'08720352719740916613','86685933037','2025-05-07 09:15:10'),(4,'63611019288477592692','69100149211','2025-05-07 07:52:48'),(5,'17042431414084017001','96681035005','2025-05-07 17:10:23'),(6,'27755448067827574453','91543875362','2025-05-07 10:55:25'),(7,'93823986047270339298','45961517466','2025-05-07 11:34:41'),(8,'09752850612725534619','75167844757','2025-05-07 08:12:20'),(9,'53945790019162337756','61244872240','2025-05-07 11:42:04'),(10,'48828839725315873219','28973451024','2025-05-07 01:32:45'),(11,'20651104533731327933','78429542239','2025-05-07 19:16:33'),(12,'56680160041689060620','07542926017','2025-05-07 09:42:46'),(13,'27755448067827574453','54615897685','2025-05-07 11:40:23'),(14,'44721708799234793284','74128987681','2025-05-07 10:23:07'),(15,'77367351224812207892','87624252613','2025-05-07 18:36:09'),(16,'08720352719740916613','02194139877','2025-05-07 09:05:54'),(17,'08720352719740916613','30088477609','2025-05-07 08:49:11'),(18,'27755448067827574453','29092329057','2025-05-07 12:10:51'),(19,'51230990696649426386','44826938142','2025-05-07 13:51:48'),(20,'70783828281073786025','56086495247','2025-05-07 16:01:50'),(21,'93823986047270339298','78512790111','2025-05-07 10:43:19'),(22,'08720352719740916613','94194176488','2025-05-07 08:49:37'),(23,'89394319487247907543','14024143858','2025-05-07 10:01:06'),(24,'67415476466091573157','35225882132','2025-05-06 22:30:05'),(25,'08720352719740916613','51179189876','2025-05-07 09:10:52'),(26,'63611019288477592692','75493486435','2025-05-07 07:10:47'),(27,'42226497065074080916','32137622505','2025-05-07 01:08:08'),(28,'41112156698694792298','17040418523','2025-05-07 01:39:50'),(29,'20651104533731327933','29443411922','2025-05-07 17:39:21'),(30,'67415476466091573157','04538523419','2025-05-06 21:46:39'),(31,'05393300684171839405','99402147629','2025-05-07 09:54:03'),(32,'53247447613078985068','96651958666','2025-05-07 10:26:56'),(33,'00576035432485585379','33544052763','2025-05-07 20:26:22'),(34,'88232122573618799371','52783698718','2025-05-07 20:12:02'),(35,'42226497065074080916','54728897075','2025-05-07 01:08:28'),(36,'88232122573618799371','26691980731','2025-05-07 21:30:51'),(37,'88232122573618799371','24889670278','2025-05-07 21:19:04'),(38,'56680160041689060620','06712838964','2025-05-07 09:54:02'),(39,'89394319487247907543','91528476392','2025-05-07 09:41:49'),(40,'44721708799234793284','50851289226','2025-05-07 10:26:22'),(41,'08720352719740916613','00132739063','2025-05-07 08:50:56'),(42,'44721708799234793284','17581445180','2025-05-07 11:02:27'),(43,'08785057226132558597','21016598976','2025-05-07 11:32:38'),(44,'51230990696649426386','64490436625','2025-05-07 13:59:37'),(45,'77367351224812207892','55424043431','2025-05-07 18:46:32'),(46,'08720352719740916613','64612537136','2025-05-07 08:57:32'),(47,'88232122573618799371','64569873492','2025-05-07 20:57:59'),(48,'78743476485672440719','72415336821','2025-05-07 14:36:24'),(49,'05393300684171839405','51600480782','2025-05-07 10:01:16'),(50,'93823986047270339298','88608670584','2025-05-07 12:48:57'),(51,'53247447613078985068','49002214799','2025-05-07 07:50:44'),(52,'51230990696649426386','37176175903','2025-05-07 15:50:29'),(53,'51230990696649426386','67674836794','2025-05-07 13:51:06'),(54,'86817719522731086978','18026860451','2025-05-07 01:05:52'),(55,'56680160041689060620','81712389094','2025-05-07 10:40:54'),(56,'08785057226132558597','82636299110','2025-05-07 11:41:18'),(57,'08720352719740916613','04982519970','2025-05-07 08:56:07'),(58,'77367351224812207892','78329864533','2025-05-07 18:35:53'),(59,'70783828281073786025','15309300953','2025-05-07 16:19:24'),(60,'88232122573618799371','99733879439','2025-05-07 21:11:33'),(61,'53759752040155715580','04520193865','2025-05-06 23:32:39'),(62,'86817719522731086978','57461049760','2025-05-07 01:12:08'),(63,'21995297811123624993','09712105882','2025-05-06 22:11:18'),(64,'20651104533731327933','95740710003','2025-05-07 18:33:42'),(65,'78743476485672440719','74292420086','2025-05-07 14:23:18'),(66,'78743476485672440719','13796687087','2025-05-07 13:58:56'),(67,'09752850612725534619','60948268142','2025-05-07 07:32:29'),(68,'08785057226132558597','51405754727','2025-05-07 11:37:03'),(69,'09752850612725534619','28803089512','2025-05-07 08:15:38'),(70,'44721708799234793284','74346487396','2025-05-07 12:18:10'),(71,'63611019288477592692','44518651629','2025-05-07 06:41:54'),(72,'63611019288477592692','70189813521','2025-05-07 05:57:11'),(73,'63611019288477592692','34883330267','2025-05-07 05:19:38'),(74,'70783828281073786025','74768767200','2025-05-07 15:34:28'),(75,'92533796987873165743','90717567079','2025-05-07 17:33:25'),(76,'53945790019162337756','56067010500','2025-05-07 11:40:38'),(77,'24067399454481375724','44181889771','2025-05-07 18:57:33'),(78,'88232122573618799371','68142803914','2025-05-07 21:30:57'),(79,'53759752040155715580','62553513763','2025-05-07 00:49:05'),(80,'21995297811123624993','40560853798','2025-05-06 21:47:53'),(81,'24067399454481375724','80683494007','2025-05-07 19:03:40'),(82,'41112156698694792298','86220278503','2025-05-07 02:24:44'),(83,'48828839725315873219','64860406962','2025-05-07 01:37:15'),(84,'41112156698694792298','18944081901','2025-05-06 23:13:33'),(85,'42226497065074080916','45052721554','2025-05-07 00:50:01'),(86,'51230990696649426386','12831470964','2025-05-07 15:09:51'),(87,'93823986047270339298','81762181497','2025-05-07 12:12:04'),(88,'67415476466091573157','26297266514','2025-05-06 22:38:01'),(89,'44721708799234793284','03329002912','2025-05-07 12:11:35'),(90,'77367351224812207892','26705211389','2025-05-07 18:47:49'),(91,'24067399454481375724','46566226037','2025-05-07 19:34:56'),(92,'50750234742654902844','16839665953','2025-05-07 02:43:51'),(93,'53945790019162337756','80607286699','2025-05-07 11:36:40'),(94,'53945790019162337756','77235602912','2025-05-07 11:48:03'),(95,'44721708799234793284','73253895052','2025-05-07 11:57:29'),(96,'20651104533731327933','77529311622','2025-05-07 18:25:42'),(97,'41112156698694792298','27504773032','2025-05-07 01:32:35'),(98,'09752850612725534619','81101536487','2025-05-07 08:50:46'),(99,'17042431414084017001','68493291267','2025-05-07 17:37:26'),(100,'08785057226132558597','93090430583','2025-05-07 11:55:42'),(101,'78743476485672440719','73455437081','2025-05-07 13:56:17'),(102,'53759752040155715580','34170687260','2025-05-06 23:53:46'),(103,'53759752040155715580','92502516490','2025-05-07 01:08:06'),(104,'51230990696649426386','25994282703','2025-05-07 15:57:03'),(105,'63611019288477592692','31573036907','2025-05-07 07:51:57'),(106,'70783828281073786025','04906678788','2025-05-07 16:46:28'),(107,'92533796987873165743','47993900428','2025-05-07 17:45:05'),(108,'24067399454481375724','29343564013','2025-05-07 18:55:43'),(109,'88232122573618799371','20474712826','2025-05-07 20:52:20'),(110,'53945790019162337756','50527251058','2025-05-07 11:42:37'),(111,'67415476466091573157','95391300819','2025-05-06 23:02:43'),(112,'41112156698694792298','91712676865','2025-05-07 00:49:22'),(113,'05393300684171839405','17345095441','2025-05-07 10:28:50'),(114,'05393300684171839405','99921402889','2025-05-07 09:57:22'),(115,'93823986047270339298','76105024698','2025-05-07 12:34:44'),(116,'93823986047270339298','90914838799','2025-05-07 12:32:44'),(117,'78743476485672440719','13785483536','2025-05-07 14:39:14'),(118,'88232122573618799371','12006750580','2025-05-07 21:18:30'),(119,'41112156698694792298','64490322819','2025-05-07 01:13:21'),(120,'53945790019162337756','30102335612','2025-05-07 11:49:04'),(121,'20651104533731327933','40568646332','2025-05-07 17:56:26'),(122,'77367351224812207892','69490084026','2025-05-07 18:35:35'),(123,'56680160041689060620','49078819864','2025-05-07 10:35:59'),(124,'42226497065074080916','91191404090','2025-05-07 01:05:23'),(125,'20651104533731327933','73550832754','2025-05-07 19:20:30'),(126,'56680160041689060620','85598396185','2025-05-07 09:14:41'),(127,'63611019288477592692','36223129238','2025-05-07 05:39:33'),(128,'78743476485672440719','21577411572','2025-05-07 14:36:58'),(129,'93823986047270339298','50043606659','2025-05-07 11:43:25'),(130,'92533796987873165743','66942363378','2025-05-07 17:39:27'),(131,'00576035432485585379','57601787078','2025-05-07 20:49:37'),(132,'67415476466091573157','39051716815','2025-05-06 21:55:39'),(133,'70783828281073786025','47406372811','2025-05-07 16:53:21'),(134,'44721708799234793284','33579232281','2025-05-07 11:21:24'),(135,'78743476485672440719','02599243800','2025-05-07 14:25:20'),(136,'51230990696649426386','45402406700','2025-05-07 14:00:57'),(137,'63611019288477592692','87828408325','2025-05-07 07:15:12'),(138,'89394319487247907543','88145519644','2025-05-07 09:50:17'),(139,'77367351224812207892','13515368059','2025-05-07 18:53:03'),(140,'53945790019162337756','19224457877','2025-05-07 11:41:44'),(141,'53945790019162337756','52100955377','2025-05-07 11:47:27'),(142,'48828839725315873219','78154642440','2025-05-07 01:35:52'),(143,'08720352719740916613','41340400482','2025-05-07 08:51:24'),(144,'67415476466091573157','25760903006','2025-05-06 23:06:47'),(145,'08720352719740916613','66848709853','2025-05-07 09:09:28'),(146,'17042431414084017001','27905544995','2025-05-07 16:51:54'),(147,'08785057226132558597','30084106608','2025-05-07 11:34:13'),(148,'56680160041689060620','99077567862','2025-05-07 09:38:22'),(149,'53945790019162337756','41345625243','2025-05-07 11:37:49'),(150,'53247447613078985068','42517245483','2025-05-07 11:40:20'),(151,'24067399454481375724','30459196829','2025-05-07 19:02:43'),(152,'86817719522731086978','46808678308','2025-05-07 00:42:13'),(153,'67415476466091573157','96655066058','2025-05-06 21:53:19'),(154,'08785057226132558597','70211788568','2025-05-07 12:05:24'),(155,'21995297811123624993','83454948730','2025-05-06 22:26:05'),(156,'27755448067827574453','61850141990','2025-05-07 12:05:51'),(157,'41112156698694792298','96757613388','2025-05-07 01:11:27'),(158,'09752850612725534619','76808718130','2025-05-07 08:35:00'),(159,'86817719522731086978','03794426422','2025-05-07 01:05:42'),(160,'70783828281073786025','63829101324','2025-05-07 15:49:16'),(161,'41112156698694792298','52656162810','2025-05-06 23:25:19'),(162,'56680160041689060620','98420012860','2025-05-07 10:42:12'),(163,'88232122573618799371','54548192851','2025-05-07 20:15:14'),(164,'50750234742654902844','95974267307','2025-05-07 03:37:25'),(165,'08785057226132558597','97032795997','2025-05-07 11:52:39'),(166,'78743476485672440719','18411710602','2025-05-07 14:55:20'),(167,'89394319487247907543','96698615104','2025-05-07 09:49:00'),(168,'09752850612725534619','83356402845','2025-05-07 07:47:05'),(169,'93823986047270339298','47731789470','2025-05-07 10:13:05'),(170,'50750234742654902844','01951256681','2025-05-07 02:41:39'),(171,'53759752040155715580','12874737646','2025-05-06 23:57:58'),(172,'20651104533731327933','29455889607','2025-05-07 17:59:12'),(173,'09752850612725534619','08821938305','2025-05-07 07:34:48'),(174,'48828839725315873219','47026777704','2025-05-07 01:41:42'),(175,'63611019288477592692','40866230842','2025-05-07 07:27:17'),(176,'00576035432485585379','18017710194','2025-05-07 20:20:59'),(177,'08720352719740916613','79435692086','2025-05-07 09:22:15'),(178,'05393300684171839405','87728793864','2025-05-07 10:12:57'),(179,'53247447613078985068','99254805679','2025-05-07 09:21:17'),(180,'27755448067827574453','22547858171','2025-05-07 11:32:35'),(181,'00576035432485585379','45964444785','2025-05-07 20:46:04'),(182,'88232122573618799371','44569602127','2025-05-07 20:22:43'),(183,'88232122573618799371','41445696506','2025-05-07 21:23:09'),(184,'27755448067827574453','16058313550','2025-05-07 12:16:41'),(185,'78743476485672440719','05797269399','2025-05-07 14:21:39'),(186,'92533796987873165743','05301557648','2025-05-07 17:36:45'),(187,'20651104533731327933','68550453441','2025-05-07 17:52:51'),(188,'09752850612725534619','39731090190','2025-05-07 07:32:34'),(189,'27755448067827574453','69815006764','2025-05-07 11:08:29'),(190,'92533796987873165743','77835663258','2025-05-07 17:30:14'),(191,'00576035432485585379','33908790746','2025-05-07 20:10:55'),(192,'00576035432485585379','86042506245','2025-05-07 19:56:57'),(193,'70783828281073786025','13926590236','2025-05-07 16:27:01'),(194,'00576035432485585379','72457896491','2025-05-07 19:59:38'),(195,'70783828281073786025','87344265484','2025-05-07 15:45:47'),(196,'70783828281073786025','48811947249','2025-05-07 16:57:58'),(197,'88232122573618799371','48938706495','2025-05-07 19:55:30'),(198,'20651104533731327933','15448409182','2025-05-07 19:22:14'),(199,'86817719522731086978','13398723367','2025-05-07 00:30:23'),(200,'53759752040155715580','98098769927','2025-05-07 00:16:27'),(201,'50750234742654902844','80888579101','2025-05-07 02:35:21'),(202,'53945790019162337756','34735338284','2025-05-07 11:37:58'),(203,'89394319487247907543','64498178474','2025-05-07 09:56:55'),(204,'17042431414084017001','83893291706','2025-05-07 17:10:02'),(205,'24067399454481375724','22470468279','2025-05-07 19:09:22'),(206,'09752850612725534619','86961252949','2025-05-07 07:42:49'),(207,'86817719522731086978','39547626450','2025-05-07 00:56:46'),(208,'89394319487247907543','41347847742','2025-05-07 09:51:12'),(209,'67415476466091573157','65175468962','2025-05-06 21:52:50'),(210,'88232122573618799371','96086272883','2025-05-07 21:13:04'),(211,'92533796987873165743','66696844879','2025-05-07 17:35:21'),(212,'78743476485672440719','66534718410','2025-05-07 14:09:07'),(213,'53247447613078985068','49833110467','2025-05-07 09:02:50'),(214,'42226497065074080916','63101885948','2025-05-07 01:02:37'),(215,'56680160041689060620','88496545108','2025-05-07 10:18:55'),(216,'24067399454481375724','59938214915','2025-05-07 19:06:35'),(217,'89394319487247907543','16592569235','2025-05-07 10:18:19'),(218,'20651104533731327933','34927535068','2025-05-07 17:44:56'),(219,'92533796987873165743','48250223060','2025-05-07 17:39:15'),(220,'53945790019162337756','47196838092','2025-05-07 11:40:08'),(221,'20651104533731327933','19288165935','2025-05-07 18:56:47'),(222,'21995297811123624993','34573248659','2025-05-06 22:02:26'),(223,'20651104533731327933','49090427553','2025-05-07 18:36:23'),(224,'00576035432485585379','69136408174','2025-05-07 20:00:12'),(225,'09752850612725534619','56645316050','2025-05-07 08:39:01'),(226,'50750234742654902844','74309980241','2025-05-07 02:57:54'),(227,'00576035432485585379','12741358905','2025-05-07 19:50:17'),(228,'09752850612725534619','96068115344','2025-05-07 08:17:45'),(229,'21995297811123624993','82657484869','2025-05-06 21:52:10'),(230,'00576035432485585379','02406117976','2025-05-07 19:06:07'),(231,'42226497065074080916','72921694952','2025-05-07 00:54:49'),(232,'70783828281073786025','50087938500','2025-05-07 16:49:19'),(233,'17042431414084017001','89697254579','2025-05-07 17:31:55'),(234,'93823986047270339298','92443530233','2025-05-07 12:21:36'),(235,'27755448067827574453','26559303428','2025-05-07 11:34:47'),(236,'08785057226132558597','52602603240','2025-05-07 11:52:39'),(237,'67415476466091573157','30800172203','2025-05-06 22:53:39'),(238,'53945790019162337756','93385013419','2025-05-07 11:43:56'),(239,'00576035432485585379','98289054532','2025-05-07 19:42:53'),(240,'51230990696649426386','53537504566','2025-05-07 16:21:58'),(241,'78743476485672440719','02530616776','2025-05-07 14:46:11'),(242,'88232122573618799371','95344212369','2025-05-07 20:43:02'),(243,'93823986047270339298','72480732295','2025-05-07 10:33:49'),(244,'92533796987873165743','51240469188','2025-05-07 17:50:45'),(245,'48828839725315873219','77716952754','2025-05-07 01:46:33'),(246,'08720352719740916613','08552268230','2025-05-07 09:15:59'),(247,'50750234742654902844','80903230934','2025-05-07 03:15:06'),(248,'70783828281073786025','84985483747','2025-05-07 15:30:31'),(249,'05393300684171839405','23158801955','2025-05-07 10:01:00'),(250,'93823986047270339298','94145471810','2025-05-07 10:04:17'),(251,'08785057226132558597','03326294968','2025-05-07 11:55:39'),(252,'08785057226132558597','59495158543','2025-05-07 11:40:32'),(253,'89394319487247907543','43412970222','2025-05-07 09:53:13'),(254,'77367351224812207892','97910632876','2025-05-07 18:59:04'),(255,'09752850612725534619','93758346864','2025-05-07 08:55:36'),(256,'50750234742654902844','36589685606','2025-05-07 03:36:15'),(257,'05393300684171839405','64502339711','2025-05-07 10:00:17'),(258,'05393300684171839405','16330879170','2025-05-07 10:29:40'),(259,'42226497065074080916','47805309065','2025-05-07 01:05:12'),(260,'05393300684171839405','28180838969','2025-05-07 10:19:43'),(261,'27755448067827574453','58280327363','2025-05-07 12:11:09'),(262,'78743476485672440719','61077205181','2025-05-07 14:10:03'),(263,'21995297811123624993','84222255172','2025-05-06 22:22:22'),(264,'08785057226132558597','22163251439','2025-05-07 11:55:28'),(265,'88232122573618799371','46247668739','2025-05-07 19:45:51'),(266,'92533796987873165743','69678529696','2025-05-07 17:33:44'),(267,'93823986047270339298','78389613417','2025-05-07 11:10:37'),(268,'41112156698694792298','38827370004','2025-05-07 00:27:32'),(269,'09752850612725534619','95726945883','2025-05-07 07:52:15'),(270,'53759752040155715580','11342133649','2025-05-07 01:12:28'),(271,'77367351224812207892','06543695015','2025-05-07 18:37:56'),(272,'56680160041689060620','70755876912','2025-05-07 08:50:54'),(273,'05393300684171839405','23324596635','2025-05-07 10:23:54'),(274,'08720352719740916613','09927514232','2025-05-07 09:07:09'),(275,'50750234742654902844','55307606184','2025-05-07 02:53:50'),(276,'67415476466091573157','04952071782','2025-05-06 23:42:06'),(277,'50750234742654902844','92115883531','2025-05-07 03:26:17'),(278,'63611019288477592692','22555707136','2025-05-07 05:29:11'),(279,'63611019288477592692','70512815228','2025-05-07 07:07:03'),(280,'00576035432485585379','10278839032','2025-05-07 19:55:05'),(281,'77367351224812207892','87068097409','2025-05-07 18:34:50'),(282,'92533796987873165743','01165080610','2025-05-07 17:52:38'),(283,'50750234742654902844','41284044449','2025-05-07 03:07:06'),(284,'89394319487247907543','74763250814','2025-05-07 10:05:25'),(285,'08785057226132558597','54798755292','2025-05-07 11:35:26'),(286,'20651104533731327933','26740368408','2025-05-07 18:08:53'),(287,'67415476466091573157','88438501148','2025-05-06 22:45:49'),(288,'20651104533731327933','60341654070','2025-05-07 18:54:46'),(289,'27755448067827574453','48896964060','2025-05-07 11:14:39'),(290,'08785057226132558597','11474250503','2025-05-07 12:03:42'),(291,'08785057226132558597','37106011350','2025-05-07 11:31:16'),(292,'27755448067827574453','65154380165','2025-05-07 11:08:15'),(293,'08785057226132558597','08839321200','2025-05-07 11:33:14'),(294,'56680160041689060620','33395910927','2025-05-07 10:19:40'),(295,'00576035432485585379','91254014863','2025-05-07 19:14:26'),(296,'77367351224812207892','78156524619','2025-05-07 18:30:41'),(297,'78743476485672440719','82845143620','2025-05-07 14:15:24'),(298,'77367351224812207892','37177359008','2025-05-07 18:39:58'),(299,'24067399454481375724','23779416645','2025-05-07 19:18:14'),(300,'05393300684171839405','19079724377','2025-05-07 09:57:42'),(301,'44721708799234793284','61704189255','2025-05-07 09:45:55'),(302,'17042431414084017001','19475172744','2025-05-07 17:06:02'),(303,'56680160041689060620','52980426552','2025-05-07 10:50:30'),(304,'78743476485672440719','76586511839','2025-05-07 14:29:28'),(305,'48828839725315873219','57665394658','2025-05-07 01:34:49'),(306,'93823986047270339298','01100086669','2025-05-07 11:27:34'),(307,'09752850612725534619','89877926626','2025-05-07 08:31:28'),(308,'78743476485672440719','56792604830','2025-05-07 14:50:23'),(309,'78743476485672440719','74069268895','2025-05-07 14:13:56'),(310,'70783828281073786025','43649297158','2025-05-07 15:49:25'),(311,'53945790019162337756','26025001214','2025-05-07 11:31:30'),(312,'00576035432485585379','44175925525','2025-05-07 19:38:31'),(313,'24067399454481375724','53680333727','2025-05-07 19:34:21'),(314,'51230990696649426386','55988386154','2025-05-07 13:58:27'),(315,'53759752040155715580','11679052916','2025-05-07 00:47:15'),(316,'44721708799234793284','94038051556','2025-05-07 10:31:05'),(317,'41112156698694792298','53515050392','2025-05-07 01:12:45'),(318,'77367351224812207892','51888149140','2025-05-07 18:30:36'),(319,'41112156698694792298','10512118784','2025-05-07 00:16:47'),(320,'24067399454481375724','33841865794','2025-05-07 18:50:12'),(321,'17042431414084017001','16859208329','2025-05-07 17:53:32'),(322,'77367351224812207892','38511757419','2025-05-07 18:34:39'),(323,'50750234742654902844','01402317897','2025-05-07 03:12:18'),(324,'48828839725315873219','35405204459','2025-05-07 01:38:39'),(325,'93823986047270339298','10621419383','2025-05-07 10:43:01'),(326,'08720352719740916613','78318069409','2025-05-07 09:01:37'),(327,'44721708799234793284','78891819699','2025-05-07 11:37:51'),(328,'41112156698694792298','37812486931','2025-05-07 01:13:53'),(329,'78743476485672440719','34629304603','2025-05-07 14:35:04'),(330,'41112156698694792298','33556782039','2025-05-07 02:25:17'),(331,'63611019288477592692','51612684341','2025-05-07 04:35:55'),(332,'92533796987873165743','64578100768','2025-05-07 17:46:06'),(333,'63611019288477592692','96157095258','2025-05-07 06:05:48'),(334,'53945790019162337756','90919307155','2025-05-07 11:37:39'),(335,'88232122573618799371','85417709672','2025-05-07 20:30:13'),(336,'09752850612725534619','26160727680','2025-05-07 08:25:34'),(337,'93823986047270339298','92057509550','2025-05-07 10:14:41'),(338,'08785057226132558597','34556472788','2025-05-07 11:53:35'),(339,'93823986047270339298','54305814385','2025-05-07 12:07:07'),(340,'92533796987873165743','11727145808','2025-05-07 17:33:22'),(341,'53247447613078985068','08840754876','2025-05-07 10:52:34'),(342,'08785057226132558597','86911539829','2025-05-07 11:49:40'),(343,'53759752040155715580','24906952921','2025-05-07 00:43:29'),(344,'42226497065074080916','31926122650','2025-05-07 01:01:51'),(345,'53945790019162337756','00346230842','2025-05-07 11:34:36'),(346,'53945790019162337756','94403699260','2025-05-07 11:34:39'),(347,'63611019288477592692','40468904456','2025-05-07 04:35:15'),(348,'53247447613078985068','64231755110','2025-05-07 10:56:11'),(349,'88232122573618799371','94583934910','2025-05-07 20:00:31'),(350,'88232122573618799371','96146060535','2025-05-07 21:19:55'),(351,'20651104533731327933','41359455739','2025-05-07 18:37:10'),(352,'86817719522731086978','28679304968','2025-05-07 01:00:20'),(353,'63611019288477592692','14638796774','2025-05-07 05:32:05'),(354,'92533796987873165743','80902134637','2025-05-07 17:42:19'),(355,'05393300684171839405','47313890812','2025-05-07 10:23:37'),(356,'63611019288477592692','25819372114','2025-05-07 06:01:24'),(357,'42226497065074080916','07878602548','2025-05-07 01:00:24'),(358,'86817719522731086978','40473866125','2025-05-07 01:16:53'),(359,'42226497065074080916','02654312752','2025-05-07 01:10:35'),(360,'67415476466091573157','38315907099','2025-05-06 23:22:56'),(361,'86817719522731086978','03886132706','2025-05-07 00:56:58'),(362,'67415476466091573157','96331551830','2025-05-06 22:39:31'),(363,'44721708799234793284','51355197015','2025-05-07 11:55:50'),(364,'53247447613078985068','73712141061','2025-05-07 11:25:10'),(365,'20651104533731327933','58035139300','2025-05-07 18:33:57'),(366,'89394319487247907543','92609543037','2025-05-07 10:06:27'),(367,'92533796987873165743','34755479183','2025-05-07 17:30:13'),(368,'48828839725315873219','75286985039','2025-05-07 01:41:50'),(369,'00576035432485585379','67655851531','2025-05-07 19:55:37'),(370,'53247447613078985068','73303898138','2025-05-07 11:13:08'),(371,'77367351224812207892','72336865021','2025-05-07 18:34:43'),(372,'41112156698694792298','00233579745','2025-05-07 00:56:50'),(373,'67415476466091573157','06806077793','2025-05-06 23:41:41'),(374,'56680160041689060620','35527486012','2025-05-07 08:59:11'),(375,'42226497065074080916','58943814834','2025-05-07 01:01:29'),(376,'50750234742654902844','14198325337','2025-05-07 03:22:47'),(377,'77367351224812207892','35750051072','2025-05-07 18:43:43'),(378,'53945790019162337756','10726971063','2025-05-07 11:36:09'),(379,'93823986047270339298','71900211572','2025-05-07 10:51:10'),(380,'17042431414084017001','61668302901','2025-05-07 16:59:25'),(381,'21995297811123624993','36316783374','2025-05-06 21:54:34'),(382,'24067399454481375724','56878269042','2025-05-07 19:16:45'),(383,'88232122573618799371','46275048234','2025-05-07 21:08:45'),(384,'53945790019162337756','66668970066','2025-05-07 11:48:24'),(385,'92533796987873165743','28216970415','2025-05-07 17:31:51'),(386,'44721708799234793284','99507711226','2025-05-07 10:32:26'),(387,'53945790019162337756','81956707516','2025-05-07 11:41:33'),(388,'44721708799234793284','63869928156','2025-05-07 12:08:37'),(389,'51230990696649426386','09379616634','2025-05-07 14:04:27'),(390,'89394319487247907543','29791091329','2025-05-07 09:30:46'),(391,'77367351224812207892','03331836079','2025-05-07 18:55:21'),(392,'92533796987873165743','48094059673','2025-05-07 17:52:27'),(393,'70783828281073786025','11059658681','2025-05-07 16:48:09'),(394,'09752850612725534619','89046502491','2025-05-07 08:00:04'),(395,'48828839725315873219','49126539747','2025-05-07 01:34:55'),(396,'89394319487247907543','66718147777','2025-05-07 09:44:35'),(397,'17042431414084017001','37399672260','2025-05-07 17:29:28'),(398,'08785057226132558597','42073195324','2025-05-07 11:30:24'),(399,'89394319487247907543','49364489074','2025-05-07 09:51:47'),(400,'00576035432485585379','02454766456','2025-05-07 20:42:38'),(401,'88232122573618799371','76282088274','2025-05-07 20:49:59'),(402,'17042431414084017001','45219692622','2025-05-07 18:06:47'),(403,'08785057226132558597','97546520040','2025-05-07 11:44:52'),(404,'56680160041689060620','24716468715','2025-05-07 10:04:29'),(405,'24067399454481375724','50609159459','2025-05-07 19:45:24'),(406,'09752850612725534619','34849874595','2025-05-07 08:07:08'),(407,'86817719522731086978','32469028861','2025-05-07 01:24:48'),(408,'08785057226132558597','31746731058','2025-05-07 12:04:10'),(409,'08785057226132558597','90760036353','2025-05-07 11:52:43'),(410,'08785057226132558597','79735045242','2025-05-07 11:59:52'),(411,'41112156698694792298','32243705278','2025-05-06 22:43:29'),(412,'08785057226132558597','71419765499','2025-05-07 11:41:35'),(413,'09752850612725534619','48601737912','2025-05-07 08:12:35'),(414,'08785057226132558597','65995425848','2025-05-07 11:53:17'),(415,'77367351224812207892','27473338169','2025-05-07 18:51:21'),(416,'05393300684171839405','54844598812','2025-05-07 10:08:11'),(417,'51230990696649426386','76619659557','2025-05-07 15:46:38'),(418,'77367351224812207892','14910960132','2025-05-07 18:39:26'),(419,'08720352719740916613','98844970892','2025-05-07 08:48:42'),(420,'42226497065074080916','59314944775','2025-05-07 01:04:40'),(421,'89394319487247907543','88173106885','2025-05-07 09:48:39'),(422,'21995297811123624993','22134446913','2025-05-06 22:03:28'),(423,'56680160041689060620','95967473827','2025-05-07 10:06:27'),(424,'42226497065074080916','01647538844','2025-05-07 00:55:33'),(425,'24067399454481375724','62678752650','2025-05-07 19:44:48'),(426,'09752850612725534619','42001957746','2025-05-07 07:31:43'),(427,'70783828281073786025','46201635200','2025-05-07 16:08:55'),(428,'78743476485672440719','29232160619','2025-05-07 14:30:15'),(429,'00576035432485585379','06262789918','2025-05-07 19:04:27'),(430,'41112156698694792298','15258343381','2025-05-06 23:23:23'),(431,'67415476466091573157','45985901252','2025-05-06 22:10:35'),(432,'05393300684171839405','32173363557','2025-05-07 10:23:15'),(433,'78743476485672440719','85199099069','2025-05-07 14:50:04'),(434,'78743476485672440719','64289027354','2025-05-07 13:56:45'),(435,'77367351224812207892','30068312349','2025-05-07 18:45:44'),(436,'08720352719740916613','25474359574','2025-05-07 09:06:18'),(437,'50750234742654902844','62806547095','2025-05-07 03:26:58'),(438,'24067399454481375724','66304523351','2025-05-07 18:58:09'),(439,'08720352719740916613','20783755495','2025-05-07 08:52:26'),(440,'08720352719740916613','88327798255','2025-05-07 09:13:54'),(441,'63611019288477592692','95609070351','2025-05-07 04:33:56'),(442,'63611019288477592692','38550290041','2025-05-07 05:17:39'),(443,'53759752040155715580','47936728328','2025-05-06 23:30:09'),(444,'63611019288477592692','04308780346','2025-05-07 07:02:49'),(445,'63611019288477592692','03587543551','2025-05-07 06:53:49'),(446,'42226497065074080916','51305604198','2025-05-07 00:46:20'),(447,'86817719522731086978','26740720580','2025-05-07 00:57:16'),(448,'48828839725315873219','58173407403','2025-05-07 01:47:26'),(449,'44721708799234793284','20669433010','2025-05-07 11:12:12'),(450,'93823986047270339298','92037889286','2025-05-07 11:48:50'),(451,'05393300684171839405','81978200880','2025-05-07 09:58:28'),(452,'20651104533731327933','23920551291','2025-05-07 19:20:45'),(453,'56680160041689060620','53823868283','2025-05-07 09:21:46'),(454,'77367351224812207892','21068625740','2025-05-07 18:34:07'),(455,'70783828281073786025','18953929791','2025-05-07 16:14:28'),(456,'78743476485672440719','95194187836','2025-05-07 14:46:52'),(457,'63611019288477592692','04604159645','2025-05-07 07:06:32'),(458,'67415476466091573157','49231398822','2025-05-06 22:30:35'),(459,'51230990696649426386','76950509226','2025-05-07 16:18:41'),(460,'48828839725315873219','75850294225','2025-05-07 01:50:18'),(461,'63611019288477592692','32163424550','2025-05-07 07:02:37'),(462,'92533796987873165743','99309520644','2025-05-07 17:46:02'),(463,'51230990696649426386','82049124151','2025-05-07 15:40:07'),(464,'53945790019162337756','37843854827','2025-05-07 11:34:28'),(465,'09752850612725534619','85192018571','2025-05-07 08:35:18'),(466,'17042431414084017001','27077230903','2025-05-07 17:01:49'),(467,'63611019288477592692','51769030105','2025-05-07 07:16:46'),(468,'89394319487247907543','87416682970','2025-05-07 09:32:38');
/*!40000 ALTER TABLE `hu_pedidos` ENABLE KEYS */;
UNLOCK TABLES;

--
-- Table structure for table `hus`
--

DROP TABLE IF EXISTS `hus`;
/*!40101 SET @saved_cs_client     = @@character_set_client */;
/*!50503 SET character_set_client = utf8mb4 */;
CREATE TABLE `hus` (
  `hu` varchar(20) NOT NULL,
  `status` enum('Aberto','Finalizado') NOT NULL,
  `etd` datetime NOT NULL,
  `pacotes` int NOT NULL,
  `canalizacao` varchar(6) NOT NULL,
  `posicao` varchar(5) NOT NULL,
  `data_criacao` datetime NOT NULL,
  `data_final` datetime DEFAULT NULL,
  PRIMARY KEY (`hu`)
) ENGINE=InnoDB DEFAULT CHARSET=utf8mb4 COLLATE=utf8mb4_0900_ai_ci;
/*!40101 SET character_set_client = @saved_cs_client */;

--
-- Dumping data for table `hus`
--

LOCK TABLES `hus` WRITE;
/*!40000 ALTER TABLE `hus` DISABLE KEYS */;
INSERT INTO `hus` VALUES ('00576035432485585379','Aberto','2025-05-07 22:00:00',17,'SPR26','252','2025-05-07 18:50:00','2025-05-07 21:08:19'),('05393300684171839405','Aberto','2025-05-07 12:00:00',16,'SRS28','155','2025-05-07 09:50:00','2025-05-07 10:34:11'),('08720352719740916613','Aberto','2025-05-07 12:00:00',18,'SBA6','111','2025-05-07 08:45:00','2025-05-07 09:28:11'),('08785057226132558597','Aberto','2025-05-07 14:00:00',24,'SSP29','258','2025-05-07 11:30:00','2025-05-07 12:07:48'),('09752850612725534619','Aberto','2025-05-07 09:00:00',20,'SMG9','117','2025-05-07 07:30:00','2025-05-07 08:58:07'),('17042431414084017001','Aberto','2025-05-07 20:00:00',11,'SPR2','204','2025-05-07 16:45:00','2025-05-07 18:10:09'),('20651104533731327933','Aberto','2025-05-07 20:00:00',17,'SBA14','228','2025-05-07 17:30:00','2025-05-07 19:28:20'),('21995297811123624993','Aberto','2025-05-07 01:00:00',8,'SRJ19','137','2025-05-06 21:45:00','2025-05-06 22:30:57'),('24067399454481375724','Aberto','2025-05-07 20:00:00',14,'SRJ11','222','2025-05-07 18:50:00','2025-05-07 19:51:11'),('27755448067827574453','Aberto','2025-05-07 13:00:00',11,'SCE7','214','2025-05-07 10:50:00','2025-05-07 12:19:35'),('41112156698694792298','Aberto','2025-05-07 03:00:00',16,'SPR18','236','2025-05-06 22:30:00','2025-05-07 02:31:24'),('42226497065074080916','Aberto','2025-05-07 02:00:00',14,'SCE23','246','2025-05-07 00:45:00','2025-05-07 01:12:29'),('44721708799234793284','Aberto','2025-05-07 14:00:00',14,'SRS4','107','2025-05-07 09:45:00','2025-05-07 12:49:57'),('48828839725315873219','Aberto','2025-05-07 03:00:00',11,'SBA22','244','2025-05-07 01:30:00','2025-05-07 01:57:25'),('50750234742654902844','Aberto','2025-05-07 04:00:00',13,'SMG25','149','2025-05-07 02:30:00','2025-05-07 03:45:24'),('51230990696649426386','Aberto','2025-05-07 17:00:00',13,'SMG17','133','2025-05-07 13:50:00','2025-05-07 16:28:23'),('53247447613078985068','Aberto','2025-05-07 12:00:00',9,'SPR10','119','2025-05-07 07:30:00','2025-05-07 11:47:40'),('53759752040155715580','Aberto','2025-05-07 02:00:00',10,'SRS20','240','2025-05-06 23:30:00','2025-05-07 01:31:55'),('53945790019162337756','Aberto','2025-05-07 14:00:00',20,'SAL8','115','2025-05-07 11:30:00','2025-05-07 11:51:24'),('56680160041689060620','Aberto','2025-05-07 13:00:00',15,'SCE15','129','2025-05-07 08:50:00','2025-05-07 10:58:41'),('63611019288477592692','Aberto','2025-05-07 09:00:00',23,'SRJ27','254','2025-05-07 04:30:00','2025-05-07 07:58:39'),('67415476466091573157','Aberto','2025-05-07 00:00:00',16,'SAL24','248','2025-05-06 21:30:00','2025-05-06 23:44:11'),('70783828281073786025','Aberto','2025-05-07 19:00:00',15,'SSP13','125','2025-05-07 15:30:00','2025-05-07 17:05:04'),('77367351224812207892','Aberto','2025-05-07 22:00:00',20,'SRJ3','206','2025-05-07 18:30:00','2025-05-07 19:01:25'),('78743476485672440719','Aberto','2025-05-07 17:00:00',21,'SMG1','202','2025-05-07 13:50:00','2025-05-07 15:00:29'),('86817719522731086978','Aberto','2025-05-07 02:00:00',11,'SSP21','141','2025-05-07 00:30:00','2025-05-07 01:28:46'),('88232122573618799371','Aberto','2025-05-07 22:00:00',20,'SBA30','260','2025-05-07 19:45:00','2025-05-07 21:34:44'),('89394319487247907543','Aberto','2025-05-07 14:00:00',16,'SRS12','123','2025-05-07 09:30:00','2025-05-07 10:20:58'),('92533796987873165743','Aberto','2025-05-07 20:00:00',17,'SSP5','210','2025-05-07 17:30:00','2025-05-07 17:54:43'),('93823986047270339298','Aberto','2025-05-07 14:00:00',18,'SAL16','232','2025-05-07 09:50:00','2025-05-07 12:53:26');
/*!40000 ALTER TABLE `hus` ENABLE KEYS */;
UNLOCK TABLES;

--
-- Table structure for table `pedidos`
--

DROP TABLE IF EXISTS `pedidos`;
/*!40101 SET @saved_cs_client     = @@character_set_client */;
/*!50503 SET character_set_client = utf8mb4 */;
CREATE TABLE `pedidos` (
  `id` int NOT NULL AUTO_INCREMENT,
  `pedido` varchar(11) NOT NULL,
  `etd` datetime NOT NULL,
  `canalizacao` varchar(20) DEFAULT NULL,
  `aging` varchar(20) DEFAULT NULL,
  `atrelamento` datetime DEFAULT NULL,
  `desvio` datetime DEFAULT NULL,
  `hr` time DEFAULT NULL,
  `rampa` int DEFAULT NULL,
  `hora` int DEFAULT NULL,
  PRIMARY KEY (`id`),
  UNIQUE KEY `pedido` (`pedido`)
) ENGINE=InnoDB AUTO_INCREMENT=501 DEFAULT CHARSET=utf8mb4 COLLATE=utf8mb4_0900_ai_ci;
/*!40101 SET character_set_client = @saved_cs_client */;

--
-- Dumping data for table `pedidos`
--

LOCK TABLES `pedidos` WRITE;
/*!40000 ALTER TABLE `pedidos` DISABLE KEYS */;
INSERT INTO `pedidos` VALUES (1,'12692867976','2025-05-07 12:00:00','SRS28','1.41','2025-05-07 10:17:08',NULL,'12:00:00',256,12),(2,'13659152743','2025-05-07 14:00:00','SRS12','1.98','2025-05-07 09:38:39',NULL,'14:00:00',224,14),(3,'13166889452','2025-05-07 20:00:00','SRS28','5.57',NULL,'2025-05-07 10:08:15','20:00:00',256,20),(4,'86685933037','2025-05-07 12:00:00','SBA6','2.77','2025-05-07 09:15:10',NULL,'12:00:00',111,12),(5,'69100149211','2025-05-07 09:00:00','SRJ27','3.19','2025-05-07 07:52:48',NULL,'09:00:00',254,9),(6,'96681035005','2025-05-07 20:00:00','SPR2','1.06','2025-05-07 17:10:23',NULL,'20:00:00',204,20),(7,'91543875362','2025-05-07 13:00:00','SCE7','1.4','2025-05-07 10:55:25',NULL,'13:00:00',113,13),(8,'45961517466','2025-05-07 14:00:00','SAL16','3.94','2025-05-07 11:34:41',NULL,'14:00:00',232,14),(9,'75167844757','2025-05-07 09:00:00','SMG9','3.39','2025-05-07 08:12:20',NULL,'09:00:00',218,9),(10,'61244872240','2025-05-07 14:00:00','SAL8','2.43','2025-05-07 11:42:04',NULL,'14:00:00',115,14),(11,'28973451024','2025-05-07 03:00:00','SBA22','3.02','2025-05-07 01:32:45',NULL,'03:00:00',244,3),(12,'78429542239','2025-05-07 20:00:00','SBA14','3.9','2025-05-07 19:16:33',NULL,'20:00:00',228,20),(13,'07542926017','2025-05-07 13:00:00','SCE15','3.04','2025-05-07 09:42:46',NULL,'13:00:00',129,13),(14,'54615897685','2025-05-07 17:00:00','SCE7','1.98','2025-05-07 11:40:23',NULL,'17:00:00',214,17),(15,'74128987681','2025-05-07 14:00:00','SRS4','2.57','2025-05-07 10:23:07',NULL,'14:00:00',107,14),(16,'87624252613','2025-05-07 22:00:00','SRJ3','2.53','2025-05-07 18:36:09',NULL,'22:00:00',105,22),(17,'02194139877','2025-05-07 12:00:00','SBA6','1.86','2025-05-07 09:05:54',NULL,'12:00:00',212,12),(18,'30088477609','2025-05-07 19:00:00','SBA6','3.25','2025-05-07 08:49:11',NULL,'19:00:00',212,19),(19,'29092329057','2025-05-07 13:00:00','SCE7','1.51','2025-05-07 12:10:51',NULL,'13:00:00',113,13),(20,'44826938142','2025-05-07 17:00:00','SMG17','1.1','2025-05-07 13:51:48',NULL,'17:00:00',234,17),(21,'56086495247','2025-05-07 19:00:00','SSP13','2.5','2025-05-07 16:01:50',NULL,'19:00:00',226,19),(22,'78512790111','2025-05-07 22:00:00','SAL16','1.43','2025-05-07 10:43:19',NULL,'22:00:00',131,22),(23,'94194176488','2025-05-07 12:00:00','SBA6','1.74','2025-05-07 08:49:37',NULL,'12:00:00',111,12),(24,'14024143858','2025-05-07 22:00:00','SRS12','3.36','2025-05-07 10:01:06',NULL,'22:00:00',224,22),(25,'35225882132','2025-05-07 00:00:00','SAL24','2.53','2025-05-06 22:30:05',NULL,'00:00:00',147,0),(26,'51179189876','2025-05-07 12:00:00','SBA6','2.29','2025-05-07 09:10:52',NULL,'12:00:00',111,12),(27,'75493486435','2025-05-07 09:00:00','SRJ27','1.26','2025-05-07 07:10:47',NULL,'09:00:00',153,9),(28,'32137622505','2025-05-07 02:00:00','SCE23','2.24','2025-05-07 01:08:08',NULL,'02:00:00',246,2),(29,'17040418523','2025-05-07 03:00:00','SPR18','1.67','2025-05-07 01:39:50',NULL,'03:00:00',236,3),(30,'29443411922','2025-05-07 12:00:00','SBA14','3.37','2025-05-07 17:39:21',NULL,'12:00:00',127,12),(31,'04538523419','2025-05-07 01:00:00','SAL24','2.92','2025-05-06 21:46:39',NULL,'01:00:00',248,1),(32,'99402147629','2025-05-07 12:00:00','SRS28','1.3','2025-05-07 09:54:03',NULL,'12:00:00',155,12),(33,'96651958666','2025-05-07 12:00:00','SPR10','1.89','2025-05-07 10:26:56',NULL,'12:00:00',119,12),(34,'33544052763','2025-05-07 22:00:00','SPR26','3.11','2025-05-07 20:26:22',NULL,'22:00:00',252,22),(35,'08744384323','2025-05-07 13:00:00','SRJ3','5.97',NULL,'2025-05-07 18:37:54','13:00:00',105,13),(36,'52783698718','2025-05-07 22:00:00','SBA30','2.5','2025-05-07 20:12:02',NULL,'22:00:00',159,22),(37,'54728897075','2025-05-07 04:00:00','SCE23','1.98','2025-05-07 01:08:28',NULL,'04:00:00',246,4),(38,'26691980731','2025-05-07 22:00:00','SBA30','1.39','2025-05-07 21:30:51',NULL,'22:00:00',159,22),(39,'24889670278','2025-05-07 17:00:00','SBA30','1.46','2025-05-07 21:19:04',NULL,'17:00:00',260,17),(40,'06712838964','2025-05-07 13:00:00','SCE15','3.1','2025-05-07 09:54:02',NULL,'13:00:00',129,13),(41,'91528476392','2025-05-07 22:00:00','SRS12','1.05','2025-05-07 09:41:49',NULL,'22:00:00',224,22),(42,'50851289226','2025-05-07 14:00:00','SRS4','1.89','2025-05-07 10:26:22',NULL,'14:00:00',208,14),(43,'00132739063','2025-05-07 19:00:00','SBA6','2.87','2025-05-07 08:50:56',NULL,'19:00:00',111,19),(44,'17581445180','2025-05-07 17:00:00','SRS4','2.92','2025-05-07 11:02:27',NULL,'17:00:00',107,17),(45,'21016598976','2025-05-07 14:00:00','SSP29','1.68','2025-05-07 11:32:38',NULL,'14:00:00',258,14),(46,'64490436625','2025-05-07 17:00:00','SMG17','2.79','2025-05-07 13:59:37',NULL,'17:00:00',133,17),(47,'55424043431','2025-05-07 13:00:00','SRJ3','3.04','2025-05-07 18:46:32',NULL,'13:00:00',206,13),(48,'22944615028','2025-05-07 02:00:00','SRS20','6.58',NULL,'2025-05-07 00:56:21','02:00:00',240,2),(49,'64612537136','2025-05-07 19:00:00','SBA6','2.64','2025-05-07 08:57:32',NULL,'19:00:00',111,19),(50,'64569873492','2025-05-07 17:00:00','SBA30','3.84','2025-05-07 20:57:59',NULL,'17:00:00',260,17),(51,'72415336821','2025-05-07 17:00:00','SMG1','2.3','2025-05-07 14:36:24',NULL,'17:00:00',101,17),(52,'51600480782','2025-05-07 12:00:00','SRS28','3.5','2025-05-07 10:01:16',NULL,'12:00:00',256,12),(53,'88608670584','2025-05-07 22:00:00','SAL16','2.97','2025-05-07 12:48:57',NULL,'22:00:00',232,22),(54,'49002214799','2025-05-07 12:00:00','SPR10','1.69','2025-05-07 07:50:44',NULL,'12:00:00',119,12),(55,'37176175903','2025-05-07 17:00:00','SMG17','3.55','2025-05-07 15:50:29',NULL,'17:00:00',133,17),(56,'67674836794','2025-05-07 17:00:00','SMG17','3.15','2025-05-07 13:51:06',NULL,'17:00:00',234,17),(57,'18026860451','2025-05-07 02:00:00','SSP21','1.66','2025-05-07 01:05:52',NULL,'02:00:00',242,2),(58,'81712389094','2025-05-07 17:00:00','SCE15','1.43','2025-05-07 10:40:54',NULL,'17:00:00',129,17),(59,'82636299110','2025-05-07 17:00:00','SSP29','2.46','2025-05-07 11:41:18',NULL,'17:00:00',258,17),(60,'04982519970','2025-05-07 12:00:00','SBA6','3.22','2025-05-07 08:56:07',NULL,'12:00:00',212,12),(61,'78329864533','2025-05-07 22:00:00','SRJ3','2.82','2025-05-07 18:35:53',NULL,'22:00:00',105,22),(62,'15309300953','2025-05-07 09:00:00','SSP13','2.78','2025-05-07 16:19:24',NULL,'09:00:00',226,9),(63,'99733879439','2025-05-07 17:00:00','SBA30','2.36','2025-05-07 21:11:33',NULL,'17:00:00',159,17),(64,'04520193865','2025-05-07 02:00:00','SRS20','2.81','2025-05-06 23:32:39',NULL,'02:00:00',240,2),(65,'57461049760','2025-05-07 00:00:00','SSP21','1.43','2025-05-07 01:12:08',NULL,'00:00:00',242,0),(66,'09712105882','2025-05-07 01:00:00','SRJ19','2.74','2025-05-06 22:11:18',NULL,'01:00:00',238,1),(67,'95740710003','2025-05-07 20:00:00','SBA14','3.79','2025-05-07 18:33:42',NULL,'20:00:00',228,20),(68,'74292420086','2025-05-07 09:00:00','SMG1','3.15','2025-05-07 14:23:18',NULL,'09:00:00',101,9),(69,'13796687087','2025-05-07 17:00:00','SMG1','1.01','2025-05-07 13:58:56',NULL,'17:00:00',202,17),(70,'60948268142','2025-05-07 09:00:00','SMG9','3.58','2025-05-07 07:32:29',NULL,'09:00:00',117,9),(71,'51405754727','2025-05-07 17:00:00','SSP29','3.63','2025-05-07 11:37:03',NULL,'17:00:00',258,17),(72,'28803089512','2025-05-07 09:00:00','SMG9','3.89','2025-05-07 08:15:38',NULL,'09:00:00',117,9),(73,'74346487396','2025-05-07 14:00:00','SRS4','1.27','2025-05-07 12:18:10',NULL,'14:00:00',107,14),(74,'44518651629','2025-05-07 14:00:00','SRJ27','3.81','2025-05-07 06:41:54',NULL,'14:00:00',254,14),(75,'70189813521','2025-05-07 14:00:00','SRJ27','3.82','2025-05-07 05:57:11',NULL,'14:00:00',153,14),(76,'34883330267','2025-05-07 09:00:00','SRJ27','3.7','2025-05-07 05:19:38',NULL,'09:00:00',153,9),(77,'74768767200','2025-05-07 09:00:00','SSP13','1.03','2025-05-07 15:34:28',NULL,'09:00:00',125,9),(78,'90717567079','2025-05-07 20:00:00','SSP5','3.93','2025-05-07 17:33:25',NULL,'20:00:00',109,20),(79,'56067010500','2025-05-07 22:00:00','SAL8','1.15','2025-05-07 11:40:38',NULL,'22:00:00',115,22),(80,'44181889771','2025-05-07 20:00:00','SRJ11','2.49','2025-05-07 18:57:33',NULL,'20:00:00',222,20),(81,'68142803914','2025-05-07 17:00:00','SBA30','2.08','2025-05-07 21:30:57',NULL,'17:00:00',159,17),(82,'62553513763','2025-05-07 03:00:00','SRS20','2.57','2025-05-07 00:49:05',NULL,'03:00:00',139,3),(83,'40560853798','2025-05-07 04:00:00','SRJ19','1.1','2025-05-06 21:47:53',NULL,'04:00:00',137,4),(84,'80683494007','2025-05-07 20:00:00','SRJ11','1.11','2025-05-07 19:03:40',NULL,'20:00:00',121,20),(85,'86220278503','2025-05-07 03:00:00','SPR18','2.12','2025-05-07 02:24:44',NULL,'03:00:00',236,3),(86,'64860406962','2025-05-07 03:00:00','SBA22','1.62','2025-05-07 01:37:15',NULL,'03:00:00',143,3),(87,'18944081901','2025-05-07 00:00:00','SPR18','3.97','2025-05-06 23:13:33',NULL,'00:00:00',135,0),(88,'45052721554','2025-05-07 02:00:00','SCE23','2.17','2025-05-07 00:50:01',NULL,'02:00:00',145,2),(89,'12831470964','2025-05-07 17:00:00','SMG17','2.65','2025-05-07 15:09:51',NULL,'17:00:00',133,17),(90,'81762181497','2025-05-07 14:00:00','SAL16','1.45','2025-05-07 12:12:04',NULL,'14:00:00',131,14),(91,'26297266514','2025-05-07 01:00:00','SAL24','3.95','2025-05-06 22:38:01',NULL,'01:00:00',248,1),(92,'03329002912','2025-05-07 14:00:00','SRS4','2.62','2025-05-07 12:11:35',NULL,'14:00:00',107,14),(93,'26705211389','2025-05-07 22:00:00','SRJ3','3.55','2025-05-07 18:47:49',NULL,'22:00:00',105,22),(94,'46566226037','2025-05-07 13:00:00','SRJ11','3.66','2025-05-07 19:34:56',NULL,'13:00:00',121,13),(95,'16839665953','2025-05-07 04:00:00','SMG25','3.14','2025-05-07 02:43:51',NULL,'04:00:00',149,4),(96,'80607286699','2025-05-07 14:00:00','SAL8','2.92','2025-05-07 11:36:40',NULL,'14:00:00',115,14),(97,'77235602912','2025-05-07 14:00:00','SAL8','1.86','2025-05-07 11:48:03',NULL,'14:00:00',115,14),(98,'73253895052','2025-05-07 17:00:00','SRS4','3.54','2025-05-07 11:57:29',NULL,'17:00:00',208,17),(99,'77529311622','2025-05-07 20:00:00','SBA14','3.79','2025-05-07 18:25:42',NULL,'20:00:00',228,20),(100,'27504773032','2025-05-07 00:00:00','SPR18','2.59','2025-05-07 01:32:35',NULL,'00:00:00',236,0),(101,'81101536487','2025-05-07 19:00:00','SMG9','2.87','2025-05-07 08:50:46',NULL,'19:00:00',117,19),(102,'85761462705','2025-05-07 12:00:00','SBA6','7.17',NULL,'2025-05-07 09:14:24','12:00:00',212,12),(103,'68493291267','2025-05-07 12:00:00','SPR2','3.95','2025-05-07 17:37:26',NULL,'12:00:00',204,12),(104,'93090430583','2025-05-07 17:00:00','SSP29','3.53','2025-05-07 11:55:42',NULL,'17:00:00',258,17),(105,'73455437081','2025-05-07 17:00:00','SMG1','1.98','2025-05-07 13:56:17',NULL,'17:00:00',202,17),(106,'34170687260','2025-05-07 02:00:00','SRS20','3.27','2025-05-06 23:53:46',NULL,'02:00:00',240,2),(107,'92502516490','2025-05-07 02:00:00','SRS20','3.24','2025-05-07 01:08:06',NULL,'02:00:00',139,2),(108,'83441051864','2025-05-07 02:00:00','SCE23','5.37',NULL,'2025-05-07 01:08:26','02:00:00',145,2),(109,'25994282703','2025-05-07 17:00:00','SMG17','3.64','2025-05-07 15:57:03',NULL,'17:00:00',133,17),(110,'31573036907','2025-05-07 14:00:00','SRJ27','3.45','2025-05-07 07:51:57',NULL,'14:00:00',153,14),(111,'04906678788','2025-05-07 19:00:00','SSP13','3.5','2025-05-07 16:46:28',NULL,'19:00:00',125,19),(112,'47993900428','2025-05-07 09:00:00','SSP5','1.62','2025-05-07 17:45:05',NULL,'09:00:00',109,9),(113,'29343564013','2025-05-07 13:00:00','SRJ11','1.4','2025-05-07 18:55:43',NULL,'13:00:00',121,13),(114,'20474712826','2025-05-07 17:00:00','SBA30','1.39','2025-05-07 20:52:20',NULL,'17:00:00',159,17),(115,'50527251058','2025-05-07 22:00:00','SAL8','2.05','2025-05-07 11:42:37',NULL,'22:00:00',216,22),(116,'95391300819','2025-05-07 01:00:00','SAL24','3.21','2025-05-06 23:02:43',NULL,'01:00:00',248,1),(117,'91712676865','2025-05-07 00:00:00','SPR18','3.85','2025-05-07 00:49:22',NULL,'00:00:00',236,0),(118,'17345095441','2025-05-07 20:00:00','SRS28','3.52','2025-05-07 10:28:50',NULL,'20:00:00',256,20),(119,'99921402889','2025-05-07 20:00:00','SRS28','2.24','2025-05-07 09:57:22',NULL,'20:00:00',256,20),(120,'76105024698','2025-05-07 22:00:00','SAL16','1.81','2025-05-07 12:34:44',NULL,'22:00:00',232,22),(121,'90914838799','2025-05-07 14:00:00','SAL16','1.99','2025-05-07 12:32:44',NULL,'14:00:00',232,14),(122,'13785483536','2025-05-07 17:00:00','SMG1','2.25','2025-05-07 14:39:14',NULL,'17:00:00',202,17),(123,'12006750580','2025-05-07 17:00:00','SBA30','2.58','2025-05-07 21:18:30',NULL,'17:00:00',260,17),(124,'64490322819','2025-05-07 00:00:00','SPR18','3.42','2025-05-07 01:13:21',NULL,'00:00:00',236,0),(125,'30102335612','2025-05-07 22:00:00','SAL8','3.56','2025-05-07 11:49:04',NULL,'22:00:00',115,22),(126,'40568646332','2025-05-07 12:00:00','SBA14','2.62','2025-05-07 17:56:26',NULL,'12:00:00',228,12),(127,'69490084026','2025-05-07 22:00:00','SRJ3','3.69','2025-05-07 18:35:35',NULL,'22:00:00',105,22),(128,'49078819864','2025-05-07 17:00:00','SCE15','2.08','2025-05-07 10:35:59',NULL,'17:00:00',230,17),(129,'91191404090','2025-05-07 02:00:00','SCE23','1.52','2025-05-07 01:05:23',NULL,'02:00:00',246,2),(130,'73550832754','2025-05-07 12:00:00','SBA14','2.55','2025-05-07 19:20:30',NULL,'12:00:00',228,12),(131,'85598396185','2025-05-07 17:00:00','SCE15','3.52','2025-05-07 09:14:41',NULL,'17:00:00',230,17),(132,'36223129238','2025-05-07 09:00:00','SRJ27','3.26','2025-05-07 05:39:33',NULL,'09:00:00',254,9),(133,'21577411572','2025-05-07 09:00:00','SMG1','2.01','2025-05-07 14:36:58',NULL,'09:00:00',202,9),(134,'50043606659','2025-05-07 14:00:00','SAL16','1.56','2025-05-07 11:43:25',NULL,'14:00:00',232,14),(135,'66942363378','2025-05-07 09:00:00','SSP5','3.55','2025-05-07 17:39:27',NULL,'09:00:00',210,9),(136,'57601787078','2025-05-07 13:00:00','SPR26','2.45','2025-05-07 20:49:37',NULL,'13:00:00',252,13),(137,'39051716815','2025-05-07 00:00:00','SAL24','3.96','2025-05-06 21:55:39',NULL,'00:00:00',147,0),(138,'47406372811','2025-05-07 09:00:00','SSP13','1.97','2025-05-07 16:53:21',NULL,'09:00:00',226,9),(139,'33579232281','2025-05-07 17:00:00','SRS4','1.57','2025-05-07 11:21:24',NULL,'17:00:00',107,17),(140,'02599243800','2025-05-07 17:00:00','SMG1','2.6','2025-05-07 14:25:20',NULL,'17:00:00',202,17),(141,'45402406700','2025-05-07 17:00:00','SMG17','2.63','2025-05-07 14:00:57',NULL,'17:00:00',234,17),(142,'87828408325','2025-05-07 09:00:00','SRJ27','1.48','2025-05-07 07:15:12',NULL,'09:00:00',254,9),(143,'88145519644','2025-05-07 14:00:00','SRS12','3.39','2025-05-07 09:50:17',NULL,'14:00:00',224,14),(144,'13515368059','2025-05-07 13:00:00','SRJ3','3.34','2025-05-07 18:53:03',NULL,'13:00:00',105,13),(145,'19224457877','2025-05-07 14:00:00','SAL8','2.34','2025-05-07 11:41:44',NULL,'14:00:00',115,14),(146,'52100955377','2025-05-07 22:00:00','SAL8','1.7','2025-05-07 11:47:27',NULL,'22:00:00',216,22),(147,'78154642440','2025-05-07 01:00:00','SBA22','1.8','2025-05-07 01:35:52',NULL,'01:00:00',143,1),(148,'41340400482','2025-05-07 19:00:00','SBA6','1.5','2025-05-07 08:51:24',NULL,'19:00:00',111,19),(149,'25760903006','2025-05-07 00:00:00','SAL24','2.17','2025-05-06 23:06:47',NULL,'00:00:00',248,0),(150,'66848709853','2025-05-07 12:00:00','SBA6','1.66','2025-05-07 09:09:28',NULL,'12:00:00',111,12),(151,'27905544995','2025-05-07 12:00:00','SPR2','2.64','2025-05-07 16:51:54',NULL,'12:00:00',103,12),(152,'30084106608','2025-05-07 14:00:00','SSP29','3.85','2025-05-07 11:34:13',NULL,'14:00:00',157,14),(153,'85731057886','2025-05-07 20:00:00','SSP5','5.71',NULL,'2025-05-07 17:39:24','20:00:00',109,20),(154,'99077567862','2025-05-07 17:00:00','SCE15','2.45','2025-05-07 09:38:22',NULL,'17:00:00',230,17),(155,'41345625243','2025-05-07 14:00:00','SAL8','2.64','2025-05-07 11:37:49',NULL,'14:00:00',216,14),(156,'16948185197','2025-05-07 12:00:00','SPR10','5.51',NULL,'2025-05-07 10:40:06','12:00:00',119,12),(157,'42517245483','2025-05-07 17:00:00','SPR10','3.74','2025-05-07 11:40:20',NULL,'17:00:00',220,17),(158,'30459196829','2025-05-07 13:00:00','SRJ11','1.67','2025-05-07 19:02:43',NULL,'13:00:00',121,13),(159,'46808678308','2025-05-07 02:00:00','SSP21','1.01','2025-05-07 00:42:13',NULL,'02:00:00',141,2),(160,'96655066058','2025-05-07 01:00:00','SAL24','1.37','2025-05-06 21:53:19',NULL,'01:00:00',248,1),(161,'70211788568','2025-05-07 14:00:00','SSP29','2.07','2025-05-07 12:05:24',NULL,'14:00:00',258,14),(162,'83454948730','2025-05-07 01:00:00','SRJ19','2.06','2025-05-06 22:26:05',NULL,'01:00:00',137,1),(163,'61850141990','2025-05-07 17:00:00','SCE7','2.49','2025-05-07 12:05:51',NULL,'17:00:00',113,17),(164,'96757613388','2025-05-07 03:00:00','SPR18','1.66','2025-05-07 01:11:27',NULL,'03:00:00',236,3),(165,'76808718130','2025-05-07 09:00:00','SMG9','3.6','2025-05-07 08:35:00',NULL,'09:00:00',218,9),(166,'03794426422','2025-05-07 02:00:00','SSP21','2.8','2025-05-07 01:05:42',NULL,'02:00:00',242,2),(167,'63829101324','2025-05-07 19:00:00','SSP13','1.95','2025-05-07 15:49:16',NULL,'19:00:00',226,19),(168,'52656162810','2025-05-07 03:00:00','SPR18','3.23','2025-05-06 23:25:19',NULL,'03:00:00',236,3),(169,'98420012860','2025-05-07 13:00:00','SCE15','1.52','2025-05-07 10:42:12',NULL,'13:00:00',230,13),(170,'54548192851','2025-05-07 17:00:00','SBA30','3.49','2025-05-07 20:15:14',NULL,'17:00:00',260,17),(171,'95974267307','2025-05-07 03:00:00','SMG25','1.09','2025-05-07 03:37:25',NULL,'03:00:00',250,3),(172,'97032795997','2025-05-07 17:00:00','SSP29','3.8','2025-05-07 11:52:39',NULL,'17:00:00',258,17),(173,'18411710602','2025-05-07 17:00:00','SMG1','1.19','2025-05-07 14:55:20',NULL,'17:00:00',101,17),(174,'73019277998','2025-05-07 12:00:00','SBA14','9.66',NULL,'2025-05-07 19:25:45','12:00:00',228,12),(175,'96698615104','2025-05-07 22:00:00','SRS12','1.45','2025-05-07 09:49:00',NULL,'22:00:00',224,22),(176,'83356402845','2025-05-07 09:00:00','SMG9','1.99','2025-05-07 07:47:05',NULL,'09:00:00',218,9),(177,'47731789470','2025-05-07 22:00:00','SAL16','3.48','2025-05-07 10:13:05',NULL,'22:00:00',131,22),(178,'01951256681','2025-05-07 03:00:00','SMG25','3.75','2025-05-07 02:41:39',NULL,'03:00:00',149,3),(179,'12874737646','2025-05-07 03:00:00','SRS20','3.52','2025-05-06 23:57:58',NULL,'03:00:00',139,3),(180,'29455889607','2025-05-07 20:00:00','SBA14','1.6','2025-05-07 17:59:12',NULL,'20:00:00',228,20),(181,'08821938305','2025-05-07 19:00:00','SMG9','1.29','2025-05-07 07:34:48',NULL,'19:00:00',218,19),(182,'47026777704','2025-05-07 01:00:00','SBA22','2.36','2025-05-07 01:41:42',NULL,'01:00:00',244,1),(183,'40866230842','2025-05-07 14:00:00','SRJ27','3.93','2025-05-07 07:27:17',NULL,'14:00:00',254,14),(184,'18017710194','2025-05-07 22:00:00','SPR26','2.03','2025-05-07 20:20:59',NULL,'22:00:00',252,22),(185,'79435692086','2025-05-07 12:00:00','SBA6','2.08','2025-05-07 09:22:15',NULL,'12:00:00',212,12),(186,'87728793864','2025-05-07 12:00:00','SRS28','1.52','2025-05-07 10:12:57',NULL,'12:00:00',155,12),(187,'99254805679','2025-05-07 17:00:00','SPR10','3.63','2025-05-07 09:21:17',NULL,'17:00:00',119,17),(188,'22547858171','2025-05-07 13:00:00','SCE7','1.29','2025-05-07 11:32:35',NULL,'13:00:00',214,13),(189,'45964444785','2025-05-07 13:00:00','SPR26','3.17','2025-05-07 20:46:04',NULL,'13:00:00',151,13),(190,'44569602127','2025-05-07 17:00:00','SBA30','3.18','2025-05-07 20:22:43',NULL,'17:00:00',260,17),(191,'41445696506','2025-05-07 22:00:00','SBA30','1.66','2025-05-07 21:23:09',NULL,'22:00:00',159,22),(192,'16058313550','2025-05-07 13:00:00','SCE7','3.2','2025-05-07 12:16:41',NULL,'13:00:00',214,13),(193,'05797269399','2025-05-07 09:00:00','SMG1','1.97','2025-05-07 14:21:39',NULL,'09:00:00',202,9),(194,'05301557648','2025-05-07 09:00:00','SSP5','2.41','2025-05-07 17:36:45',NULL,'09:00:00',109,9),(195,'68550453441','2025-05-07 20:00:00','SBA14','2.67','2025-05-07 17:52:51',NULL,'20:00:00',127,20),(196,'39731090190','2025-05-07 19:00:00','SMG9','1.97','2025-05-07 07:32:34',NULL,'19:00:00',117,19),(197,'69815006764','2025-05-07 13:00:00','SCE7','2.92','2025-05-07 11:08:29',NULL,'13:00:00',113,13),(198,'77835663258','2025-05-07 09:00:00','SSP5','2.98','2025-05-07 17:30:14',NULL,'09:00:00',210,9),(199,'33908790746','2025-05-07 22:00:00','SPR26','3.23','2025-05-07 20:10:55',NULL,'22:00:00',151,22),(200,'86042506245','2025-05-07 13:00:00','SPR26','2.75','2025-05-07 19:56:57',NULL,'13:00:00',252,13),(201,'13926590236','2025-05-07 19:00:00','SSP13','1.95','2025-05-07 16:27:01',NULL,'19:00:00',125,19),(202,'43226810638','2025-05-07 00:00:00','SAL24','9.44',NULL,'2025-05-06 23:39:33','00:00:00',248,0),(203,'72457896491','2025-05-07 22:00:00','SPR26','2.82','2025-05-07 19:59:38',NULL,'22:00:00',252,22),(204,'87344265484','2025-05-07 19:00:00','SSP13','2.66','2025-05-07 15:45:47',NULL,'19:00:00',125,19),(205,'48811947249','2025-05-07 19:00:00','SSP13','2.62','2025-05-07 16:57:58',NULL,'19:00:00',226,19),(206,'48938706495','2025-05-07 17:00:00','SBA30','1.57','2025-05-07 19:55:30',NULL,'17:00:00',159,17),(207,'15448409182','2025-05-07 12:00:00','SBA14','1.24','2025-05-07 19:22:14',NULL,'12:00:00',228,12),(208,'13398723367','2025-05-07 02:00:00','SSP21','1.92','2025-05-07 00:30:23',NULL,'02:00:00',242,2),(209,'98098769927','2025-05-07 02:00:00','SRS20','3.24','2025-05-07 00:16:27',NULL,'02:00:00',139,2),(210,'80888579101','2025-05-07 03:00:00','SMG25','2.83','2025-05-07 02:35:21',NULL,'03:00:00',250,3),(211,'34735338284','2025-05-07 22:00:00','SAL8','1.18','2025-05-07 11:37:58',NULL,'22:00:00',216,22),(212,'64498178474','2025-05-07 14:00:00','SRS12','2.86','2025-05-07 09:56:55',NULL,'14:00:00',123,14),(213,'83893291706','2025-05-07 20:00:00','SPR2','2.88','2025-05-07 17:10:02',NULL,'20:00:00',204,20),(214,'22470468279','2025-05-07 20:00:00','SRJ11','3.96','2025-05-07 19:09:22',NULL,'20:00:00',121,20),(215,'86961252949','2025-05-07 19:00:00','SMG9','3.23','2025-05-07 07:42:49',NULL,'19:00:00',218,19),(216,'39547626450','2025-05-07 00:00:00','SSP21','1.08','2025-05-07 00:56:46',NULL,'00:00:00',141,0),(217,'41347847742','2025-05-07 14:00:00','SRS12','3.26','2025-05-07 09:51:12',NULL,'14:00:00',123,14),(218,'65175468962','2025-05-07 01:00:00','SAL24','1.19','2025-05-06 21:52:50',NULL,'01:00:00',248,1),(219,'96086272883','2025-05-07 17:00:00','SBA30','3.41','2025-05-07 21:13:04',NULL,'17:00:00',159,17),(220,'66696844879','2025-05-07 20:00:00','SSP5','2.77','2025-05-07 17:35:21',NULL,'20:00:00',210,20),(221,'66534718410','2025-05-07 09:00:00','SMG1','1.93','2025-05-07 14:09:07',NULL,'09:00:00',101,9),(222,'49833110467','2025-05-07 12:00:00','SPR10','3.78','2025-05-07 09:02:50',NULL,'12:00:00',220,12),(223,'63101885948','2025-05-07 04:00:00','SCE23','2.19','2025-05-07 01:02:37',NULL,'04:00:00',246,4),(224,'88496545108','2025-05-07 17:00:00','SCE15','3.3','2025-05-07 10:18:55',NULL,'17:00:00',230,17),(225,'59938214915','2025-05-07 13:00:00','SRJ11','1.49','2025-05-07 19:06:35',NULL,'13:00:00',121,13),(226,'16592569235','2025-05-07 14:00:00','SRS12','1.34','2025-05-07 10:18:19',NULL,'14:00:00',224,14),(227,'34927535068','2025-05-07 12:00:00','SBA14','2.08','2025-05-07 17:44:56',NULL,'12:00:00',127,12),(228,'48250223060','2025-05-07 20:00:00','SSP5','2.66','2025-05-07 17:39:15',NULL,'20:00:00',210,20),(229,'47196838092','2025-05-07 22:00:00','SAL8','2.69','2025-05-07 11:40:08',NULL,'22:00:00',216,22),(230,'19288165935','2025-05-07 12:00:00','SBA14','3.16','2025-05-07 18:56:47',NULL,'12:00:00',127,12),(231,'34573248659','2025-05-07 01:00:00','SRJ19','3.65','2025-05-06 22:02:26',NULL,'01:00:00',238,1),(232,'49090427553','2025-05-07 20:00:00','SBA14','3.28','2025-05-07 18:36:23',NULL,'20:00:00',127,20),(233,'69136408174','2025-05-07 22:00:00','SPR26','2.17','2025-05-07 20:00:12',NULL,'22:00:00',151,22),(234,'56645316050','2025-05-07 09:00:00','SMG9','1.44','2025-05-07 08:39:01',NULL,'09:00:00',218,9),(235,'74309980241','2025-05-07 04:00:00','SMG25','2.95','2025-05-07 02:57:54',NULL,'04:00:00',149,4),(236,'12741358905','2025-05-07 13:00:00','SPR26','3.47','2025-05-07 19:50:17',NULL,'13:00:00',252,13),(237,'96068115344','2025-05-07 09:00:00','SMG9','1.94','2025-05-07 08:17:45',NULL,'09:00:00',218,9),(238,'82657484869','2025-05-07 04:00:00','SRJ19','1.41','2025-05-06 21:52:10',NULL,'04:00:00',238,4),(239,'02406117976','2025-05-07 22:00:00','SPR26','3.99','2025-05-07 19:06:07',NULL,'22:00:00',252,22),(240,'72921694952','2025-05-07 02:00:00','SCE23','3.16','2025-05-07 00:54:49',NULL,'02:00:00',145,2),(241,'50087938500','2025-05-07 19:00:00','SSP13','3.88','2025-05-07 16:49:19',NULL,'19:00:00',226,19),(242,'89697254579','2025-05-07 20:00:00','SPR2','1.11','2025-05-07 17:31:55',NULL,'20:00:00',103,20),(243,'92443530233','2025-05-07 22:00:00','SAL16','3.45','2025-05-07 12:21:36',NULL,'22:00:00',131,22),(244,'26559303428','2025-05-07 13:00:00','SCE7','3.58','2025-05-07 11:34:47',NULL,'13:00:00',214,13),(245,'52602603240','2025-05-07 14:00:00','SSP29','1.62','2025-05-07 11:52:39',NULL,'14:00:00',157,14),(246,'30800172203','2025-05-07 01:00:00','SAL24','1.83','2025-05-06 22:53:39',NULL,'01:00:00',248,1),(247,'93385013419','2025-05-07 14:00:00','SAL8','3.43','2025-05-07 11:43:56',NULL,'14:00:00',115,14),(248,'98289054532','2025-05-07 22:00:00','SPR26','1.88','2025-05-07 19:42:53',NULL,'22:00:00',252,22),(249,'53537504566','2025-05-07 09:00:00','SMG17','1.89','2025-05-07 16:21:58',NULL,'09:00:00',133,9),(250,'77142997828','2025-05-07 13:00:00','SCE15','7.17',NULL,'2025-05-07 10:26:38','13:00:00',230,13),(251,'02530616776','2025-05-07 17:00:00','SMG1','3.46','2025-05-07 14:46:11',NULL,'17:00:00',202,17),(252,'95344212369','2025-05-07 22:00:00','SBA30','2.98','2025-05-07 20:43:02',NULL,'22:00:00',159,22),(253,'72480732295','2025-05-07 22:00:00','SAL16','1.78','2025-05-07 10:33:49',NULL,'22:00:00',232,22),(254,'51240469188','2025-05-07 20:00:00','SSP5','1.42','2025-05-07 17:50:45',NULL,'20:00:00',210,20),(255,'77716952754','2025-05-07 03:00:00','SBA22','3.25','2025-05-07 01:46:33',NULL,'03:00:00',244,3),(256,'08552268230','2025-05-07 19:00:00','SBA6','3.82','2025-05-07 09:15:59',NULL,'19:00:00',111,19),(257,'80903230934','2025-05-07 04:00:00','SMG25','1.78','2025-05-07 03:15:06',NULL,'04:00:00',149,4),(258,'84985483747','2025-05-07 19:00:00','SSP13','3.04','2025-05-07 15:30:31',NULL,'19:00:00',226,19),(259,'23158801955','2025-05-07 12:00:00','SRS28','1.92','2025-05-07 10:01:00',NULL,'12:00:00',256,12),(260,'94145471810','2025-05-07 14:00:00','SAL16','1.44','2025-05-07 10:04:17',NULL,'14:00:00',232,14),(261,'03326294968','2025-05-07 17:00:00','SSP29','3.83','2025-05-07 11:55:39',NULL,'17:00:00',258,17),(262,'59495158543','2025-05-07 14:00:00','SSP29','1.7','2025-05-07 11:40:32',NULL,'14:00:00',157,14),(263,'43412970222','2025-05-07 14:00:00','SRS12','2.8','2025-05-07 09:53:13',NULL,'14:00:00',224,14),(264,'97910632876','2025-05-07 22:00:00','SRJ3','2.92','2025-05-07 18:59:04',NULL,'22:00:00',206,22),(265,'93758346864','2025-05-07 19:00:00','SMG9','1.6','2025-05-07 08:55:36',NULL,'19:00:00',117,19),(266,'36589685606','2025-05-07 03:00:00','SMG25','2.88','2025-05-07 03:36:15',NULL,'03:00:00',149,3),(267,'64502339711','2025-05-07 12:00:00','SRS28','3.14','2025-05-07 10:00:17',NULL,'12:00:00',256,12),(268,'16330879170','2025-05-07 20:00:00','SRS28','1.24','2025-05-07 10:29:40',NULL,'20:00:00',155,20),(269,'90619379239','2025-05-07 03:00:00','SRS20','7.98',NULL,'2025-05-07 00:19:38','03:00:00',240,3),(270,'47805309065','2025-05-07 02:00:00','SCE23','1.65','2025-05-07 01:05:12',NULL,'02:00:00',246,2),(271,'28180838969','2025-05-07 12:00:00','SRS28','3.15','2025-05-07 10:19:43',NULL,'12:00:00',155,12),(272,'58280327363','2025-05-07 13:00:00','SCE7','3.19','2025-05-07 12:11:09',NULL,'13:00:00',113,13),(273,'61077205181','2025-05-07 09:00:00','SMG1','3.46','2025-05-07 14:10:03',NULL,'09:00:00',101,9),(274,'84222255172','2025-05-07 01:00:00','SRJ19','1.29','2025-05-06 22:22:22',NULL,'01:00:00',238,1),(275,'22163251439','2025-05-07 17:00:00','SSP29','1.32','2025-05-07 11:55:28',NULL,'17:00:00',157,17),(276,'46247668739','2025-05-07 17:00:00','SBA30','3.78','2025-05-07 19:45:51',NULL,'17:00:00',159,17),(277,'69678529696','2025-05-07 20:00:00','SSP5','2.42','2025-05-07 17:33:44',NULL,'20:00:00',210,20),(278,'22341910662','2025-05-07 22:00:00','SAL8','8.45',NULL,'2025-05-07 11:40:29','22:00:00',115,22),(279,'78389613417','2025-05-07 22:00:00','SAL16','2.61','2025-05-07 11:10:37',NULL,'22:00:00',131,22),(280,'38827370004','2025-05-07 03:00:00','SPR18','3.65','2025-05-07 00:27:32',NULL,'03:00:00',135,3),(281,'95726945883','2025-05-07 19:00:00','SMG9','1.36','2025-05-07 07:52:15',NULL,'19:00:00',218,19),(282,'11342133649','2025-05-07 02:00:00','SRS20','1.67','2025-05-07 01:12:28',NULL,'02:00:00',240,2),(283,'06543695015','2025-05-07 13:00:00','SRJ3','2.26','2025-05-07 18:37:56',NULL,'13:00:00',206,13),(284,'70755876912','2025-05-07 17:00:00','SCE15','2.66','2025-05-07 08:50:54',NULL,'17:00:00',129,17),(285,'23324596635','2025-05-07 20:00:00','SRS28','1.01','2025-05-07 10:23:54',NULL,'20:00:00',155,20),(286,'09927514232','2025-05-07 19:00:00','SBA6','1.98','2025-05-07 09:07:09',NULL,'19:00:00',111,19),(287,'55307606184','2025-05-07 04:00:00','SMG25','1.93','2025-05-07 02:53:50',NULL,'04:00:00',149,4),(288,'04952071782','2025-05-07 01:00:00','SAL24','1.8','2025-05-06 23:42:06',NULL,'01:00:00',147,1),(289,'92115883531','2025-05-07 04:00:00','SMG25','2.33','2025-05-07 03:26:17',NULL,'04:00:00',149,4),(290,'22555707136','2025-05-07 14:00:00','SRJ27','3.42','2025-05-07 05:29:11',NULL,'14:00:00',254,14),(291,'70512815228','2025-05-07 14:00:00','SRJ27','1.03','2025-05-07 07:07:03',NULL,'14:00:00',254,14),(292,'10278839032','2025-05-07 22:00:00','SPR26','2.54','2025-05-07 19:55:05',NULL,'22:00:00',151,22),(293,'43798973125','2025-05-07 09:00:00','SMG9','7.11',NULL,'2025-05-07 08:16:13','09:00:00',218,9),(294,'87068097409','2025-05-07 22:00:00','SRJ3','1.55','2025-05-07 18:34:50',NULL,'22:00:00',105,22),(295,'01165080610','2025-05-07 09:00:00','SSP5','1.62','2025-05-07 17:52:38',NULL,'09:00:00',109,9),(296,'41284044449','2025-05-07 03:00:00','SMG25','3.47','2025-05-07 03:07:06',NULL,'03:00:00',250,3),(297,'74763250814','2025-05-07 22:00:00','SRS12','2.85','2025-05-07 10:05:25',NULL,'22:00:00',224,22),(298,'54798755292','2025-05-07 17:00:00','SSP29','3.91','2025-05-07 11:35:26',NULL,'17:00:00',258,17),(299,'26740368408','2025-05-07 12:00:00','SBA14','2.54','2025-05-07 18:08:53',NULL,'12:00:00',228,12),(300,'88438501148','2025-05-07 01:00:00','SAL24','1.99','2025-05-06 22:45:49',NULL,'01:00:00',147,1),(301,'60341654070','2025-05-07 12:00:00','SBA14','3.59','2025-05-07 18:54:46',NULL,'12:00:00',127,12),(302,'48896964060','2025-05-07 17:00:00','SCE7','2.14','2025-05-07 11:14:39',NULL,'17:00:00',113,17),(303,'11474250503','2025-05-07 17:00:00','SSP29','3.38','2025-05-07 12:03:42',NULL,'17:00:00',258,17),(304,'37106011350','2025-05-07 14:00:00','SSP29','1.53','2025-05-07 11:31:16',NULL,'14:00:00',157,14),(305,'65154380165','2025-05-07 17:00:00','SCE7','3.79','2025-05-07 11:08:15',NULL,'17:00:00',214,17),(306,'08839321200','2025-05-07 14:00:00','SSP29','2.18','2025-05-07 11:33:14',NULL,'14:00:00',157,14),(307,'33395910927','2025-05-07 13:00:00','SCE15','2.28','2025-05-07 10:19:40',NULL,'13:00:00',129,13),(308,'91254014863','2025-05-07 13:00:00','SPR26','2.84','2025-05-07 19:14:26',NULL,'13:00:00',252,13),(309,'78156524619','2025-05-07 22:00:00','SRJ3','1.45','2025-05-07 18:30:41',NULL,'22:00:00',206,22),(310,'82845143620','2025-05-07 09:00:00','SMG1','3.25','2025-05-07 14:15:24',NULL,'09:00:00',202,9),(311,'37177359008','2025-05-07 22:00:00','SRJ3','1.89','2025-05-07 18:39:58',NULL,'22:00:00',206,22),(312,'23779416645','2025-05-07 20:00:00','SRJ11','3.87','2025-05-07 19:18:14',NULL,'20:00:00',121,20),(313,'19079724377','2025-05-07 20:00:00','SRS28','2.4','2025-05-07 09:57:42',NULL,'20:00:00',256,20),(314,'61704189255','2025-05-07 17:00:00','SRS4','3.34','2025-05-07 09:45:55',NULL,'17:00:00',208,17),(315,'19475172744','2025-05-07 12:00:00','SPR2','2.92','2025-05-07 17:06:02',NULL,'12:00:00',103,12),(316,'52980426552','2025-05-07 13:00:00','SCE15','3.49','2025-05-07 10:50:30',NULL,'13:00:00',129,13),(317,'76586511839','2025-05-07 09:00:00','SMG1','3.95','2025-05-07 14:29:28',NULL,'09:00:00',101,9),(318,'57665394658','2025-05-07 03:00:00','SBA22','3.46','2025-05-07 01:34:49',NULL,'03:00:00',244,3),(319,'01100086669','2025-05-07 14:00:00','SAL16','2.25','2025-05-07 11:27:34',NULL,'14:00:00',131,14),(320,'89877926626','2025-05-07 09:00:00','SMG9','3.81','2025-05-07 08:31:28',NULL,'09:00:00',117,9),(321,'56792604830','2025-05-07 17:00:00','SMG1','1.03','2025-05-07 14:50:23',NULL,'17:00:00',202,17),(322,'74069268895','2025-05-07 17:00:00','SMG1','3.08','2025-05-07 14:13:56',NULL,'17:00:00',202,17),(323,'21332783996','2025-05-07 04:00:00','SCE23','5.65',NULL,'2025-05-07 00:52:51','04:00:00',145,4),(324,'43649297158','2025-05-07 19:00:00','SSP13','1.38','2025-05-07 15:49:25',NULL,'19:00:00',125,19),(325,'26025001214','2025-05-07 14:00:00','SAL8','3.93','2025-05-07 11:31:30',NULL,'14:00:00',216,14),(326,'44175925525','2025-05-07 13:00:00','SPR26','1.46','2025-05-07 19:38:31',NULL,'13:00:00',151,13),(327,'53680333727','2025-05-07 20:00:00','SRJ11','2.58','2025-05-07 19:34:21',NULL,'20:00:00',121,20),(328,'55988386154','2025-05-07 17:00:00','SMG17','1.05','2025-05-07 13:58:27',NULL,'17:00:00',234,17),(329,'11679052916','2025-05-07 02:00:00','SRS20','3.77','2025-05-07 00:47:15',NULL,'02:00:00',139,2),(330,'94038051556','2025-05-07 17:00:00','SRS4','1.99','2025-05-07 10:31:05',NULL,'17:00:00',208,17),(331,'53515050392','2025-05-07 00:00:00','SPR18','1.23','2025-05-07 01:12:45',NULL,'00:00:00',236,0),(332,'51888149140','2025-05-07 22:00:00','SRJ3','3.28','2025-05-07 18:30:36',NULL,'22:00:00',105,22),(333,'91872533976','2025-05-07 01:00:00','SBA22','6.97',NULL,'2025-05-07 01:32:25','01:00:00',143,1),(334,'73097336205','2025-05-07 12:00:00','SRS28','7.39',NULL,'2025-05-07 09:55:58','12:00:00',155,12),(335,'10512118784','2025-05-07 03:00:00','SPR18','1.24','2025-05-07 00:16:47',NULL,'03:00:00',236,3),(336,'33841865794','2025-05-07 20:00:00','SRJ11','3.02','2025-05-07 18:50:12',NULL,'20:00:00',121,20),(337,'16859208329','2025-05-07 20:00:00','SPR2','3.82','2025-05-07 17:53:32',NULL,'20:00:00',204,20),(338,'38511757419','2025-05-07 22:00:00','SRJ3','1.47','2025-05-07 18:34:39',NULL,'22:00:00',206,22),(339,'01402317897','2025-05-07 04:00:00','SMG25','1.15','2025-05-07 03:12:18',NULL,'04:00:00',149,4),(340,'35405204459','2025-05-07 01:00:00','SBA22','2.2','2025-05-07 01:38:39',NULL,'01:00:00',143,1),(341,'84113910785','2025-05-07 00:00:00','SSP21','8.03',NULL,'2025-05-07 01:12:56','00:00:00',141,0),(342,'10621419383','2025-05-07 14:00:00','SAL16','2.24','2025-05-07 10:43:01',NULL,'14:00:00',131,14),(343,'78318069409','2025-05-07 12:00:00','SBA6','3.03','2025-05-07 09:01:37',NULL,'12:00:00',111,12),(344,'78891819699','2025-05-07 17:00:00','SRS4','1.06','2025-05-07 11:37:51',NULL,'17:00:00',208,17),(345,'37812486931','2025-05-07 03:00:00','SPR18','3.35','2025-05-07 01:13:53',NULL,'03:00:00',135,3),(346,'34629304603','2025-05-07 17:00:00','SMG1','1.13','2025-05-07 14:35:04',NULL,'17:00:00',101,17),(347,'33556782039','2025-05-07 00:00:00','SPR18','3.39','2025-05-07 02:25:17',NULL,'00:00:00',236,0),(348,'51612684341','2025-05-07 14:00:00','SRJ27','2.65','2025-05-07 04:35:55',NULL,'14:00:00',254,14),(349,'64578100768','2025-05-07 09:00:00','SSP5','3.95','2025-05-07 17:46:06',NULL,'09:00:00',210,9),(350,'79894662334','2025-05-07 09:00:00','SSP13','9.33',NULL,'2025-05-07 17:03:09','09:00:00',125,9),(351,'96157095258','2025-05-07 14:00:00','SRJ27','3.98','2025-05-07 06:05:48',NULL,'14:00:00',254,14),(352,'90919307155','2025-05-07 14:00:00','SAL8','1.8','2025-05-07 11:37:39',NULL,'14:00:00',115,14),(353,'85417709672','2025-05-07 17:00:00','SBA30','1.95','2025-05-07 20:30:13',NULL,'17:00:00',260,17),(354,'26160727680','2025-05-07 19:00:00','SMG9','3.88','2025-05-07 08:25:34',NULL,'19:00:00',117,19),(355,'92057509550','2025-05-07 14:00:00','SAL16','1.61','2025-05-07 10:14:41',NULL,'14:00:00',232,14),(356,'34556472788','2025-05-07 14:00:00','SSP29','1.09','2025-05-07 11:53:35',NULL,'14:00:00',157,14),(357,'54305814385','2025-05-07 14:00:00','SAL16','1.92','2025-05-07 12:07:07',NULL,'14:00:00',131,14),(358,'11727145808','2025-05-07 20:00:00','SSP5','3.63','2025-05-07 17:33:22',NULL,'20:00:00',210,20),(359,'08840754876','2025-05-07 17:00:00','SPR10','2.71','2025-05-07 10:52:34',NULL,'17:00:00',220,17),(360,'86911539829','2025-05-07 17:00:00','SSP29','3.2','2025-05-07 11:49:40',NULL,'17:00:00',157,17),(361,'24906952921','2025-05-07 02:00:00','SRS20','2.02','2025-05-07 00:43:29',NULL,'02:00:00',240,2),(362,'31926122650','2025-05-07 02:00:00','SCE23','2.71','2025-05-07 01:01:51',NULL,'02:00:00',145,2),(363,'00346230842','2025-05-07 22:00:00','SAL8','3.16','2025-05-07 11:34:36',NULL,'22:00:00',115,22),(364,'94403699260','2025-05-07 22:00:00','SAL8','2.68','2025-05-07 11:34:39',NULL,'22:00:00',115,22),(365,'39881473083','2025-05-07 20:00:00','SRS28','7.18',NULL,'2025-05-07 10:19:50','20:00:00',256,20),(366,'40468904456','2025-05-07 09:00:00','SRJ27','3.04','2025-05-07 04:35:15',NULL,'09:00:00',254,9),(367,'64231755110','2025-05-07 17:00:00','SPR10','2.36','2025-05-07 10:56:11',NULL,'17:00:00',220,17),(368,'94583934910','2025-05-07 17:00:00','SBA30','3.67','2025-05-07 20:00:31',NULL,'17:00:00',260,17),(369,'96146060535','2025-05-07 17:00:00','SBA30','1.47','2025-05-07 21:19:55',NULL,'17:00:00',260,17),(370,'41359455739','2025-05-07 12:00:00','SBA14','2.56','2025-05-07 18:37:10',NULL,'12:00:00',127,12),(371,'28679304968','2025-05-07 00:00:00','SSP21','1.42','2025-05-07 01:00:20',NULL,'00:00:00',141,0),(372,'14638796774','2025-05-07 09:00:00','SRJ27','2.4','2025-05-07 05:32:05',NULL,'09:00:00',254,9),(373,'80902134637','2025-05-07 20:00:00','SSP5','3.18','2025-05-07 17:42:19',NULL,'20:00:00',210,20),(374,'47313890812','2025-05-07 12:00:00','SRS28','1.12','2025-05-07 10:23:37',NULL,'12:00:00',256,12),(375,'25819372114','2025-05-07 14:00:00','SRJ27','2.7','2025-05-07 06:01:24',NULL,'14:00:00',153,14),(376,'07878602548','2025-05-07 02:00:00','SCE23','2.58','2025-05-07 01:00:24',NULL,'02:00:00',246,2),(377,'83659560018','2025-05-07 12:00:00','SBA6','6.0',NULL,'2025-05-07 08:51:23','12:00:00',212,12),(378,'40473866125','2025-05-07 02:00:00','SSP21','2.51','2025-05-07 01:16:53',NULL,'02:00:00',141,2),(379,'02654312752','2025-05-07 04:00:00','SCE23','1.09','2025-05-07 01:10:35',NULL,'04:00:00',145,4),(380,'38315907099','2025-05-07 01:00:00','SAL24','1.01','2025-05-06 23:22:56',NULL,'01:00:00',248,1),(381,'03886132706','2025-05-07 00:00:00','SSP21','1.42','2025-05-07 00:56:58',NULL,'00:00:00',242,0),(382,'96331551830','2025-05-07 01:00:00','SAL24','3.12','2025-05-06 22:39:31',NULL,'01:00:00',248,1),(383,'57458003437','2025-05-07 09:00:00','SSP5','6.64',NULL,'2025-05-07 17:31:07','09:00:00',210,9),(384,'51355197015','2025-05-07 14:00:00','SRS4','1.98','2025-05-07 11:55:50',NULL,'14:00:00',208,14),(385,'73712141061','2025-05-07 12:00:00','SPR10','2.01','2025-05-07 11:25:10',NULL,'12:00:00',119,12),(386,'70199369360','2025-05-07 19:00:00','SBA6','8.03',NULL,'2025-05-07 09:22:32','19:00:00',111,19),(387,'58035139300','2025-05-07 12:00:00','SBA14','1.95','2025-05-07 18:33:57',NULL,'12:00:00',127,12),(388,'20812489419','2025-05-07 17:00:00','SSP29','9.67',NULL,'2025-05-07 11:31:17','17:00:00',258,17),(389,'92609543037','2025-05-07 22:00:00','SRS12','1.43','2025-05-07 10:06:27',NULL,'22:00:00',123,22),(390,'34755479183','2025-05-07 20:00:00','SSP5','2.11','2025-05-07 17:30:13',NULL,'20:00:00',109,20),(391,'75286985039','2025-05-07 03:00:00','SBA22','2.14','2025-05-07 01:41:50',NULL,'03:00:00',244,3),(392,'67655851531','2025-05-07 22:00:00','SPR26','1.25','2025-05-07 19:55:37',NULL,'22:00:00',252,22),(393,'73303898138','2025-05-07 17:00:00','SPR10','1.4','2025-05-07 11:13:08',NULL,'17:00:00',220,17),(394,'72336865021','2025-05-07 22:00:00','SRJ3','1.93','2025-05-07 18:34:43',NULL,'22:00:00',105,22),(395,'00233579745','2025-05-07 03:00:00','SPR18','2.08','2025-05-07 00:56:50',NULL,'03:00:00',236,3),(396,'06806077793','2025-05-07 01:00:00','SAL24','2.42','2025-05-06 23:41:41',NULL,'01:00:00',147,1),(397,'35527486012','2025-05-07 17:00:00','SCE15','2.54','2025-05-07 08:59:11',NULL,'17:00:00',129,17),(398,'87218765859','2025-05-07 13:00:00','SRJ3','7.95',NULL,'2025-05-07 18:47:51','13:00:00',105,13),(399,'58943814834','2025-05-07 04:00:00','SCE23','3.46','2025-05-07 01:01:29',NULL,'04:00:00',246,4),(400,'14198325337','2025-05-07 04:00:00','SMG25','3.52','2025-05-07 03:22:47',NULL,'04:00:00',250,4),(401,'35750051072','2025-05-07 13:00:00','SRJ3','1.45','2025-05-07 18:43:43',NULL,'13:00:00',105,13),(402,'10726971063','2025-05-07 22:00:00','SAL8','3.52','2025-05-07 11:36:09',NULL,'22:00:00',115,22),(403,'71900211572','2025-05-07 22:00:00','SAL16','3.27','2025-05-07 10:51:10',NULL,'22:00:00',232,22),(404,'61668302901','2025-05-07 20:00:00','SPR2','3.2','2025-05-07 16:59:25',NULL,'20:00:00',103,20),(405,'36316783374','2025-05-07 04:00:00','SRJ19','2.21','2025-05-06 21:54:34',NULL,'04:00:00',137,4),(406,'56878269042','2025-05-07 13:00:00','SRJ11','2.12','2025-05-07 19:16:45',NULL,'13:00:00',121,13),(407,'23463084297','2025-05-07 09:00:00','SMG1','8.65',NULL,'2025-05-07 14:42:26','09:00:00',202,9),(408,'46275048234','2025-05-07 22:00:00','SBA30','1.56','2025-05-07 21:08:45',NULL,'22:00:00',260,22),(409,'66668970066','2025-05-07 14:00:00','SAL8','1.34','2025-05-07 11:48:24',NULL,'14:00:00',216,14),(410,'28216970415','2025-05-07 20:00:00','SSP5','1.87','2025-05-07 17:31:51',NULL,'20:00:00',109,20),(411,'99507711226','2025-05-07 17:00:00','SRS4','1.11','2025-05-07 10:32:26',NULL,'17:00:00',107,17),(412,'81956707516','2025-05-07 14:00:00','SAL8','2.58','2025-05-07 11:41:33',NULL,'14:00:00',216,14),(413,'63869928156','2025-05-07 14:00:00','SRS4','3.0','2025-05-07 12:08:37',NULL,'14:00:00',208,14),(414,'09379616634','2025-05-07 17:00:00','SMG17','1.93','2025-05-07 14:04:27',NULL,'17:00:00',133,17),(415,'29791091329','2025-05-07 22:00:00','SRS12','3.66','2025-05-07 09:30:46',NULL,'22:00:00',224,22),(416,'03331836079','2025-05-07 22:00:00','SRJ3','3.18','2025-05-07 18:55:21',NULL,'22:00:00',206,22),(417,'48094059673','2025-05-07 20:00:00','SSP5','3.6','2025-05-07 17:52:27',NULL,'20:00:00',210,20),(418,'11059658681','2025-05-07 09:00:00','SSP13','1.04','2025-05-07 16:48:09',NULL,'09:00:00',226,9),(419,'89046502491','2025-05-07 09:00:00','SMG9','1.19','2025-05-07 08:00:04',NULL,'09:00:00',218,9),(420,'49126539747','2025-05-07 01:00:00','SBA22','3.19','2025-05-07 01:34:55',NULL,'01:00:00',143,1),(421,'66718147777','2025-05-07 14:00:00','SRS12','3.06','2025-05-07 09:44:35',NULL,'14:00:00',224,14),(422,'37399672260','2025-05-07 12:00:00','SPR2','2.29','2025-05-07 17:29:28',NULL,'12:00:00',204,12),(423,'42073195324','2025-05-07 17:00:00','SSP29','2.62','2025-05-07 11:30:24',NULL,'17:00:00',258,17),(424,'49364489074','2025-05-07 14:00:00','SRS12','2.86','2025-05-07 09:51:47',NULL,'14:00:00',224,14),(425,'02454766456','2025-05-07 13:00:00','SPR26','3.73','2025-05-07 20:42:38',NULL,'13:00:00',252,13),(426,'76282088274','2025-05-07 22:00:00','SBA30','2.33','2025-05-07 20:49:59',NULL,'22:00:00',159,22),(427,'45219692622','2025-05-07 12:00:00','SPR2','3.78','2025-05-07 18:06:47',NULL,'12:00:00',204,12),(428,'97546520040','2025-05-07 14:00:00','SSP29','3.36','2025-05-07 11:44:52',NULL,'14:00:00',157,14),(429,'24716468715','2025-05-07 17:00:00','SCE15','2.76','2025-05-07 10:04:29',NULL,'17:00:00',230,17),(430,'50609159459','2025-05-07 13:00:00','SRJ11','3.73','2025-05-07 19:45:24',NULL,'13:00:00',222,13),(431,'34849874595','2025-05-07 19:00:00','SMG9','1.66','2025-05-07 08:07:08',NULL,'19:00:00',117,19),(432,'32469028861','2025-05-07 02:00:00','SSP21','1.56','2025-05-07 01:24:48',NULL,'02:00:00',242,2),(433,'31746731058','2025-05-07 14:00:00','SSP29','3.23','2025-05-07 12:04:10',NULL,'14:00:00',157,14),(434,'90760036353','2025-05-07 17:00:00','SSP29','1.73','2025-05-07 11:52:43',NULL,'17:00:00',157,17),(435,'79735045242','2025-05-07 17:00:00','SSP29','2.17','2025-05-07 11:59:52',NULL,'17:00:00',258,17),(436,'32243705278','2025-05-07 00:00:00','SPR18','2.03','2025-05-06 22:43:29',NULL,'00:00:00',135,0),(437,'34751195629','2025-05-07 02:00:00','SCE23','6.26',NULL,'2025-05-07 01:07:16','02:00:00',246,2),(438,'71419765499','2025-05-07 14:00:00','SSP29','3.81','2025-05-07 11:41:35',NULL,'14:00:00',157,14),(439,'48601737912','2025-05-07 09:00:00','SMG9','3.02','2025-05-07 08:12:35',NULL,'09:00:00',117,9),(440,'65995425848','2025-05-07 17:00:00','SSP29','1.06','2025-05-07 11:53:17',NULL,'17:00:00',157,17),(441,'27473338169','2025-05-07 22:00:00','SRJ3','1.45','2025-05-07 18:51:21',NULL,'22:00:00',105,22),(442,'54844598812','2025-05-07 20:00:00','SRS28','2.88','2025-05-07 10:08:11',NULL,'20:00:00',256,20),(443,'76619659557','2025-05-07 17:00:00','SMG17','3.46','2025-05-07 15:46:38',NULL,'17:00:00',234,17),(444,'14910960132','2025-05-07 13:00:00','SRJ3','3.57','2025-05-07 18:39:26',NULL,'13:00:00',105,13),(445,'98844970892','2025-05-07 12:00:00','SBA6','1.96','2025-05-07 08:48:42',NULL,'12:00:00',212,12),(446,'59314944775','2025-05-07 02:00:00','SCE23','3.08','2025-05-07 01:04:40',NULL,'02:00:00',246,2),(447,'88173106885','2025-05-07 22:00:00','SRS12','3.74','2025-05-07 09:48:39',NULL,'22:00:00',123,22),(448,'62405085266','2025-05-07 12:00:00','SBA6','7.19',NULL,'2025-05-07 09:18:20','12:00:00',111,12),(449,'22134446913','2025-05-07 04:00:00','SRJ19','1.37','2025-05-06 22:03:28',NULL,'04:00:00',137,4),(450,'95967473827','2025-05-07 13:00:00','SCE15','2.23','2025-05-07 10:06:27',NULL,'13:00:00',230,13),(451,'01647538844','2025-05-07 04:00:00','SCE23','2.58','2025-05-07 00:55:33',NULL,'04:00:00',145,4),(452,'62678752650','2025-05-07 20:00:00','SRJ11','3.79','2025-05-07 19:44:48',NULL,'20:00:00',222,20),(453,'42001957746','2025-05-07 09:00:00','SMG9','2.78','2025-05-07 07:31:43',NULL,'09:00:00',218,9),(454,'46201635200','2025-05-07 19:00:00','SSP13','2.86','2025-05-07 16:08:55',NULL,'19:00:00',226,19),(455,'29232160619','2025-05-07 17:00:00','SMG1','2.51','2025-05-07 14:30:15',NULL,'17:00:00',101,17),(456,'06262789918','2025-05-07 22:00:00','SPR26','3.07','2025-05-07 19:04:27',NULL,'22:00:00',252,22),(457,'15258343381','2025-05-07 03:00:00','SPR18','1.34','2025-05-06 23:23:23',NULL,'03:00:00',236,3),(458,'45985901252','2025-05-07 00:00:00','SAL24','2.63','2025-05-06 22:10:35',NULL,'00:00:00',248,0),(459,'32173363557','2025-05-07 20:00:00','SRS28','2.36','2025-05-07 10:23:15',NULL,'20:00:00',256,20),(460,'07217083715','2025-05-07 04:00:00','SCE23','9.16',NULL,'2025-05-07 00:58:24','04:00:00',246,4),(461,'85199099069','2025-05-07 17:00:00','SMG1','1.2','2025-05-07 14:50:04',NULL,'17:00:00',101,17),(462,'64289027354','2025-05-07 09:00:00','SMG1','2.87','2025-05-07 13:56:45',NULL,'09:00:00',202,9),(463,'30068312349','2025-05-07 13:00:00','SRJ3','1.97','2025-05-07 18:45:44',NULL,'13:00:00',206,13),(464,'25474359574','2025-05-07 19:00:00','SBA6','2.91','2025-05-07 09:06:18',NULL,'19:00:00',111,19),(465,'62806547095','2025-05-07 03:00:00','SMG25','1.78','2025-05-07 03:26:58',NULL,'03:00:00',250,3),(466,'66304523351','2025-05-07 13:00:00','SRJ11','2.79','2025-05-07 18:58:09',NULL,'13:00:00',222,13),(467,'20783755495','2025-05-07 19:00:00','SBA6','3.41','2025-05-07 08:52:26',NULL,'19:00:00',111,19),(468,'88327798255','2025-05-07 12:00:00','SBA6','2.92','2025-05-07 09:13:54',NULL,'12:00:00',111,12),(469,'95609070351','2025-05-07 14:00:00','SRJ27','1.16','2025-05-07 04:33:56',NULL,'14:00:00',153,14),(470,'38550290041','2025-05-07 09:00:00','SRJ27','3.63','2025-05-07 05:17:39',NULL,'09:00:00',254,9),(471,'47936728328','2025-05-07 02:00:00','SRS20','2.5','2025-05-06 23:30:09',NULL,'02:00:00',139,2),(472,'04308780346','2025-05-07 14:00:00','SRJ27','3.8','2025-05-07 07:02:49',NULL,'14:00:00',254,14),(473,'03587543551','2025-05-07 14:00:00','SRJ27','1.91','2025-05-07 06:53:49',NULL,'14:00:00',153,14),(474,'51305604198','2025-05-07 02:00:00','SCE23','3.83','2025-05-07 00:46:20',NULL,'02:00:00',145,2),(475,'26740720580','2025-05-07 02:00:00','SSP21','3.81','2025-05-07 00:57:16',NULL,'02:00:00',242,2),(476,'58173407403','2025-05-07 01:00:00','SBA22','1.84','2025-05-07 01:47:26',NULL,'01:00:00',244,1),(477,'20669433010','2025-05-07 14:00:00','SRS4','1.13','2025-05-07 11:12:12',NULL,'14:00:00',107,14),(478,'92037889286','2025-05-07 22:00:00','SAL16','1.69','2025-05-07 11:48:50',NULL,'22:00:00',232,22),(479,'90966719925','2025-05-07 17:00:00','SBA30','6.75',NULL,'2025-05-07 20:33:17','17:00:00',260,17),(480,'81978200880','2025-05-07 12:00:00','SRS28','2.75','2025-05-07 09:58:28',NULL,'12:00:00',155,12),(481,'23920551291','2025-05-07 12:00:00','SBA14','3.15','2025-05-07 19:20:45',NULL,'12:00:00',127,12),(482,'87349228551','2025-05-07 19:00:00','SBA6','6.9',NULL,'2025-05-07 09:12:55','19:00:00',212,19),(483,'53823868283','2025-05-07 13:00:00','SCE15','1.36','2025-05-07 09:21:46',NULL,'13:00:00',230,13),(484,'21068625740','2025-05-07 13:00:00','SRJ3','1.39','2025-05-07 18:34:07',NULL,'13:00:00',105,13),(485,'32801551785','2025-05-07 04:00:00','SRJ19','6.32',NULL,'2025-05-06 22:00:50','04:00:00',137,4),(486,'18953929791','2025-05-07 19:00:00','SSP13','1.56','2025-05-07 16:14:28',NULL,'19:00:00',226,19),(487,'95194187836','2025-05-07 17:00:00','SMG1','1.23','2025-05-07 14:46:52',NULL,'17:00:00',101,17),(488,'07641479849','2025-05-07 17:00:00','SMG1','8.08',NULL,'2025-05-07 14:25:18','17:00:00',101,17),(489,'04604159645','2025-05-07 14:00:00','SRJ27','1.26','2025-05-07 07:06:32',NULL,'14:00:00',153,14),(490,'49231398822','2025-05-07 00:00:00','SAL24','2.64','2025-05-06 22:30:35',NULL,'00:00:00',147,0),(491,'76950509226','2025-05-07 17:00:00','SMG17','3.14','2025-05-07 16:18:41',NULL,'17:00:00',133,17),(492,'75850294225','2025-05-07 03:00:00','SBA22','2.88','2025-05-07 01:50:18',NULL,'03:00:00',244,3),(493,'32163424550','2025-05-07 14:00:00','SRJ27','1.1','2025-05-07 07:02:37',NULL,'14:00:00',254,14),(494,'99309520644','2025-05-07 20:00:00','SSP5','2.02','2025-05-07 17:46:02',NULL,'20:00:00',109,20),(495,'82049124151','2025-05-07 17:00:00','SMG17','3.75','2025-05-07 15:40:07',NULL,'17:00:00',234,17),(496,'37843854827','2025-05-07 14:00:00','SAL8','2.84','2025-05-07 11:34:28',NULL,'14:00:00',216,14),(497,'85192018571','2025-05-07 09:00:00','SMG9','3.52','2025-05-07 08:35:18',NULL,'09:00:00',117,9),(498,'27077230903','2025-05-07 12:00:00','SPR2','1.81','2025-05-07 17:01:49',NULL,'12:00:00',103,12),(499,'51769030105','2025-05-07 14:00:00','SRJ27','2.57','2025-05-07 07:16:46',NULL,'14:00:00',254,14),(500,'87416682970','2025-05-07 14:00:00','SRS12','1.15','2025-05-07 09:32:38',NULL,'14:00:00',123,14);
/*!40000 ALTER TABLE `pedidos` ENABLE KEYS */;
UNLOCK TABLES;
/*!40103 SET TIME_ZONE=@OLD_TIME_ZONE */;

/*!40101 SET SQL_MODE=@OLD_SQL_MODE */;
/*!40014 SET FOREIGN_KEY_CHECKS=@OLD_FOREIGN_KEY_CHECKS */;
/*!40014 SET UNIQUE_CHECKS=@OLD_UNIQUE_CHECKS */;
/*!40101 SET CHARACTER_SET_CLIENT=@OLD_CHARACTER_SET_CLIENT */;
/*!40101 SET CHARACTER_SET_RESULTS=@OLD_CHARACTER_SET_RESULTS */;
/*!40101 SET COLLATION_CONNECTION=@OLD_COLLATION_CONNECTION */;
/*!40111 SET SQL_NOTES=@OLD_SQL_NOTES */;

-- Dump completed on 2025-05-09 19:50:38
